Date,Invoice Number,Sales Rep,Location,Status,Client Name,Client ID,Lead Source,Product ID,Product Name,Unit Price,Quantity,Gross Value,Discount,Revenue,VAT Rate,VAT Charged,Invoice Total,COGS per Unit,COGS,Shipping per Unit,Total Shipping,VAT on Shipping,VAT on Shipping Value,Profit,Profit Margin,Operating Profit,Operating Profit Margin,Margin Difference
01/01/2025,562,Lisa,Nottingham,Pending,Galactic Enterprises,C003,SEO,P008,Cable Management Tray,£20.00,5,£100.00,10%,£90.00,20%,£18.00,£108.00,£12.00,£60.00,£6.00,£30.00,20%,£6.00,£30.00,33.30%, £-   ,0.00%,33.30%
01/01/2025,667,Dave,Leeds,Pending,Mars Enterprises,C025,SEO,P008,Cable Management Tray,£20.00,13,£260.00,8%,£239.20,20%,£47.84,£287.04,£12.00,£156.00,£6.00,£78.00,20%,£15.60,£83.20,34.80%,£5.20,2.20%,32.60%
01/01/2025,685,Sarah,Sheffield,Shipping,Celestial Industries,C013,SEO,P006,Monitor Stand,£40.00,8,£320.00,5%,£304.00,20%,£60.80,£364.80,£24.00,£192.00,£7.00,£56.00,20%,£11.20,£112.00,36.80%,£56.00,18.40%,18.40%
01/02/2025,221,Lisa,Leeds,Pending,Comet Corporation,C016,Referral,P010,Standing Desk,£530.00,8,"£4,240.00",10%,"£3,816.00",20%,£763.20,"£4,579.20",£360.00,"£2,880.00",£60.00,£480.00,20%,£96.00,£936.00,24.50%,£456.00,11.90%,12.60%
01/03/2025,634,Dave,Manchester,Paid,Venus Ventures,C024,Social Media Outreach,P003,Network Switch,£130.00,16,"£2,080.00",5%,"£1,976.00",20%,£395.20,"£2,371.20",£72.00,"£1,152.00",£8.00,£128.00,20%,£25.60,£824.00,41.70%,£696.00,35.20%,6.50%
01/03/2025,721,Dave,Newcastle,Shipping,AstroTech,C017,SEO,P004,Data Storage Device,£70.00,5,£350.00,5%,£332.50,20%,£66.50,£399.00,£30.00,£150.00,£8.00,£40.00,20%,£8.00,£182.50,54.90%,£142.50,42.90%,12.00%
01/03/2025,752,Lucas,Bristol,Paid,Galactic Enterprises,C003,Content Outreach,P003,Network Switch,£130.00,10,"£1,300.00",5%,"£1,235.00",20%,£247.00,"£1,482.00",£72.00,£720.00,£8.00,£80.00,20%,£16.00,£515.00,41.70%,£435.00,35.20%,6.50%
01/03/2025,885,Sarah,Manchester,Shipping,Acme Corporation,C001,Content Outreach,P007,Keyboard Tray,£25.00,3,£75.00,7%,£69.75,20%,£13.95,£83.70,£14.00,£42.00,£7.00,£21.00,20%,£4.20,£27.75,39.80%,£6.75,9.70%,30.10%
01/04/2025,165,Jack,Liverpool,Shipping,Orion Enterprises,C015,SEO,P006,Monitor Stand,£40.00,6,£240.00,3%,£232.80,20%,£46.56,£279.36,£24.00,£144.00,£7.00,£42.00,20%,£8.40,£88.80,38.10%,£46.80,20.10%,18.00%
01/04/2025,219,Alexandra,Sheffield,Shipping,Planetary Partners,C021,SEO,P006,Monitor Stand,£40.00,2,£80.00,3%,£77.60,20%,£15.52,£93.12,£24.00,£48.00,£7.00,£14.00,20%,£2.80,£29.60,38.10%,£15.60,20.10%,18.00%
01/04/2025,599,Dave,Manchester,Shipping,Comet Corporation,C016,SEO,P003,Network Switch,£130.00,16,"£2,080.00",3%,"£2,017.60",20%,£403.52,"£2,421.12",£72.00,"£1,152.00",£8.00,£128.00,20%,£25.60,£865.60,42.90%,£737.60,36.60%,6.30%
01/04/2025,682,Alexandra,London,Paid,Orion Enterprises,C015,SEO,P001,Laptop,£220.00,15,"£3,300.00",7%,"£3,069.00",20%,£613.80,"£3,682.80",£140.00,"£2,100.00",£15.00,£225.00,20%,£45.00,£969.00,31.60%,£744.00,24.20%,7.40%
01/04/2025,815,Jack,London,Pending,Mars Enterprises,C025,Website,P002,Server Key,£150.00,5,£750.00,3%,£727.50,20%,£145.50,£873.00,£80.00,£400.00, £-   , £-   ,0%, £-   ,£327.50,45.00%,£327.50,45.00%,0.00%
01/04/2025,995,Daniel,Birmingham,Pending,Comet Corporation,C016,Referral,P010,Standing Desk,£530.00,9,"£4,770.00",5%,"£4,531.50",20%,£906.30,"£5,437.80",£360.00,"£3,240.00",£60.00,£540.00,20%,£108.00,"£1,291.50",28.50%,£751.50,16.60%,11.90%
01/05/2025,255,Jack,Leeds,Shipping,Mercury Industries,C023,SEO,P005,Software License,£200.00,14,"£2,800.00",10%,"£2,520.00",20%,£504.00,"£3,024.00",£110.00,"£1,540.00", £-   , £-   ,0%, £-   ,£980.00,38.90%,£980.00,38.90%,0.00%
01/05/2025,305,Alexandra,Manchester,Shipping,Nova Innovations,C018,Content Outreach,P006,Monitor Stand,£40.00,3,£120.00,4%,£115.20,20%,£23.04,£138.24,£24.00,£72.00,£7.00,£21.00,20%,£4.20,£43.20,37.50%,£22.20,19.30%,18.20%
01/07/2025,330,Dave,Birmingham,Pending,Planetary Partners,C021,SEO,P004,Data Storage Device,£70.00,7,£490.00,5%,£465.50,20%,£93.10,£558.60,£30.00,£210.00,£8.00,£56.00,20%,£11.20,£255.50,54.90%,£199.50,42.90%,12.00%
01/07/2025,610,Dave,Nottingham,Paid,Infinity Innovations,C009,Referral,P006,Monitor Stand,£40.00,3,£120.00,5%,£114.00,20%,£22.80,£136.80,£24.00,£72.00,£7.00,£21.00,20%,£4.20,£42.00,36.80%,£21.00,18.40%,18.40%
01/07/2025,925,Jack,Sheffield,Shipping,Mars Enterprises,C025,SEO,P006,Monitor Stand,£40.00,17,£680.00,4%,£652.80,20%,£130.56,£783.36,£24.00,£408.00,£7.00,£119.00,20%,£23.80,£244.80,37.50%,£125.80,19.30%,18.20%
01/07/2025,956,Alexandra,Sheffield,Paid,Supernova Solutions,C014,Social Media Outreach,P006,Monitor Stand,£40.00,16,£640.00,4%,£614.40,20%,£122.88,£737.28,£24.00,£384.00,£7.00,£112.00,20%,£22.40,£230.40,37.50%,£118.40,19.30%,18.20%
01/08/2025,477,Lisa,Birmingham,Paid,Venus Ventures,C024,Social Media Outreach,P010,Standing Desk,£530.00,7,"£3,710.00",1%,"£3,672.90",20%,£734.58,"£4,407.48",£360.00,"£2,520.00",£60.00,£420.00,20%,£84.00,"£1,152.90",31.40%,£732.90,20.00%,11.40%
01/09/2025,497,Dave,London,Paid,Mercury Industries,C023,SEO,P006,Monitor Stand,£40.00,20,£800.00,2%,£784.00,20%,£156.80,£940.80,£24.00,£480.00,£7.00,£140.00,20%,£28.00,£304.00,38.80%,£164.00,20.90%,17.90%
01/10/2025,57,Mark,Leeds,Paid,Cosmic Creations,C008,Referral,P003,Network Switch,£130.00,7,£910.00,4%,£873.60,20%,£174.72,"£1,048.32",£72.00,£504.00,£8.00,£56.00,20%,£11.20,£369.60,42.30%,£313.60,35.90%,6.40%
01/10/2025,89,Daniel,Leeds,Paid,Celestial Industries,C013,Referral,P007,Keyboard Tray,£25.00,10,£250.00,3%,£242.50,20%,£48.50,£291.00,£14.00,£140.00,£7.00,£70.00,20%,£14.00,£102.50,42.30%,£32.50,13.40%,28.90%
01/10/2025,859,Mark,Liverpool,Pending,Acme Corporation,C001,Referral,P006,Monitor Stand,£40.00,13,£520.00,4%,£499.20,20%,£99.84,£599.04,£24.00,£312.00,£7.00,£91.00,20%,£18.20,£187.20,37.50%,£96.20,19.30%,18.20%
01/11/2025,59,Lucas,Birmingham,Paid,Stellar Systems,C006,SEO,P003,Network Switch,£130.00,8,"£1,040.00",5%,£988.00,20%,£197.60,"£1,185.60",£72.00,£576.00,£8.00,£64.00,20%,£12.80,£412.00,41.70%,£348.00,35.20%,6.50%
01/11/2025,315,Daniel,Nottingham,Paid,Aurora Enterprises,C010,SEO,P001,Laptop,£220.00,14,"£3,080.00",12%,"£2,710.40",20%,£542.08,"£3,252.48",£140.00,"£1,960.00",£15.00,£210.00,20%,£42.00,£750.40,27.70%,£540.40,19.90%,7.80%
01/12/2025,41,Jack,Bristol,Paid,Planetary Partners,C021,Website,P006,Monitor Stand,£40.00,18,£720.00,3%,£698.40,20%,£139.68,£838.08,£24.00,£432.00,£7.00,£126.00,20%,£25.20,£266.40,38.10%,£140.40,20.10%,18.00%
01/12/2025,107,Daniel,Bristol,Pending,Supernova Solutions,C014,Social Media Outreach,P010,Standing Desk,£530.00,15,"£7,950.00",5%,"£7,552.50",20%,"£1,510.50","£9,063.00",£360.00,"£5,400.00",£60.00,£900.00,20%,£180.00,"£2,152.50",28.50%,"£1,252.50",16.60%,11.90%
01/12/2025,561,Dave,Nottingham,Paid,Acme Corporation,C001,SEO,P007,Keyboard Tray,£25.00,13,£325.00,5%,£308.75,20%,£61.75,£370.50,£14.00,£182.00,£7.00,£91.00,20%,£18.20,£126.75,41.10%,£35.75,11.60%,29.50%
02/01/2025,520,Lisa,Bristol,Paid,Saturn Solutions,C022,Social Media Outreach,P009,Ergonomic Chair,£190.00,11,"£2,090.00",2%,"£2,048.20",20%,£409.64,"£2,457.84",£115.00,"£1,265.00",£45.00,£495.00,20%,£99.00,£783.20,38.20%,£288.20,14.10%,24.10%
02/01/2025,681,Lucas,Nottingham,Paid,Lunar Labs,C012,Referral,P004,Data Storage Device,£70.00,17,"£1,190.00",6%,"£1,118.60",20%,£223.72,"£1,342.32",£30.00,£510.00,£8.00,£136.00,20%,£27.20,£608.60,54.40%,£472.60,42.20%,12.20%
02/01/2025,808,Sarah,Manchester,Shipping,Nova Innovations,C018,Referral,P001,Laptop,£220.00,6,"£1,320.00",3%,"£1,280.40",20%,£256.08,"£1,536.48",£140.00,£840.00,£15.00,£90.00,20%,£18.00,£440.40,34.40%,£350.40,27.40%,7.00%
02/02/2025,404,Alexandra,Bristol,Shipping,Saturn Solutions,C022,SEO,P006,Monitor Stand,£40.00,9,£360.00,2%,£352.80,20%,£70.56,£423.36,£24.00,£216.00,£7.00,£63.00,20%,£12.60,£136.80,38.80%,£73.80,20.90%,17.90%
02/04/2025,542,Mark,Brighton,Shipping,Galactic Enterprises,C003,Referral,P002,Server Key,£150.00,4,£600.00,7%,£558.00,20%,£111.60,£669.60,£80.00,£320.00, £-   , £-   ,0%, £-   ,£238.00,42.70%,£238.00,42.70%,0.00%
02/04/2025,723,Mark,Manchester,Shipping,Nova Innovations,C018,Website,P006,Monitor Stand,£40.00,3,£120.00,3%,£116.40,20%,£23.28,£139.68,£24.00,£72.00,£7.00,£21.00,20%,£4.20,£44.40,38.10%,£23.40,20.10%,18.00%
02/05/2025,163,Lucas,Bristol,Shipping,Mercury Industries,C023,Social Media Outreach,P009,Ergonomic Chair,£190.00,9,"£1,710.00",5%,"£1,624.50",20%,£324.90,"£1,949.40",£115.00,"£1,035.00",£45.00,£405.00,20%,£81.00,£589.50,36.30%,£184.50,11.40%,24.90%
02/05/2025,625,Sarah,Manchester,Paid,Starlight Industries,C002,SEO,P005,Software License,£200.00,9,"£1,800.00",12%,"£1,584.00",20%,£316.80,"£1,900.80",£110.00,£990.00, £-   , £-   ,0%, £-   ,£594.00,37.50%,£594.00,37.50%,0.00%
02/05/2025,894,Dave,Liverpool,Pending,Solar Solutions,C011,SEO,P002,Server Key,£150.00,14,"£2,100.00",4%,"£2,016.00",20%,£403.20,"£2,419.20",£80.00,"£1,120.00", £-   , £-   ,0%, £-   ,£896.00,44.40%,£896.00,44.40%,0.00%
02/07/2025,622,Sarah,Leeds,Paid,AstroTech,C017,SEO,P009,Ergonomic Chair,£190.00,17,"£3,230.00",3%,"£3,133.10",20%,£626.62,"£3,759.72",£115.00,"£1,955.00",£45.00,£765.00,20%,£153.00,"£1,178.10",37.60%,£413.10,13.20%,24.40%
02/08/2025,567,Dave,Sheffield,Pending,Solar Solutions,C011,Website,P006,Monitor Stand,£40.00,10,£400.00,3%,£388.00,20%,£77.60,£465.60,£24.00,£240.00,£7.00,£70.00,20%,£14.00,£148.00,38.10%,£78.00,20.10%,18.00%
02/08/2025,580,Jack,Liverpool,Pending,Galactic Enterprises,C003,SEO,P002,Server Key,£150.00,6,£900.00,4%,£864.00,20%,£172.80,"£1,036.80",£80.00,£480.00, £-   , £-   ,0%, £-   ,£384.00,44.40%,£384.00,44.40%,0.00%
02/09/2025,468,Daniel,Bristol,Shipping,Sunrise Solutions,C004,Content Outreach,P008,Cable Management Tray,£20.00,1,£20.00,5%,£19.00,20%,£3.80,£22.80,£12.00,£12.00,£6.00,£6.00,20%,£1.20,£7.00,36.80%,£1.00,5.30%,31.50%
02/09/2025,496,Daniel,Brighton,Paid,Cosmos Creations,C020,Events Outreach,P006,Monitor Stand,£40.00,5,£200.00,7%,£186.00,20%,£37.20,£223.20,£24.00,£120.00,£7.00,£35.00,20%,£7.00,£66.00,35.50%,£31.00,16.70%,18.80%
02/10/2025,218,Lisa,Sheffield,Paid,Celestial Industries,C013,SEO,P008,Cable Management Tray,£20.00,9,£180.00,2%,£176.40,20%,£35.28,£211.68,£12.00,£108.00,£6.00,£54.00,20%,£10.80,£68.40,38.80%,£14.40,8.20%,30.60%
02/11/2025,87,Daniel,Liverpool,Shipping,Lunar Labs,C012,Referral,P009,Ergonomic Chair,£190.00,3,£570.00,10%,£513.00,20%,£102.60,£615.60,£115.00,£345.00,£45.00,£135.00,20%,£27.00,£168.00,32.70%,£33.00,6.40%,26.30%
02/11/2025,566,Lisa,Bristol,Pending,Mercury Industries,C023,SEO,P006,Monitor Stand,£40.00,11,£440.00,5%,£418.00,20%,£83.60,£501.60,£24.00,£264.00,£7.00,£77.00,20%,£15.40,£154.00,36.80%,£77.00,18.40%,18.40%
02/12/2025,555,Alexandra,Liverpool,Pending,Galactic Enterprises,C003,Website,P006,Monitor Stand,£40.00,17,£680.00,5%,£646.00,20%,£129.20,£775.20,£24.00,£408.00,£7.00,£119.00,20%,£23.80,£238.00,36.80%,£119.00,18.40%,18.40%
03/01/2025,31,Jack,Brighton,Shipping,Lunar Labs,C012,Social Media Outreach,P001,Laptop,£220.00,16,"£3,520.00",7%,"£3,273.60",20%,£654.72,"£3,928.32",£140.00,"£2,240.00",£15.00,£240.00,20%,£48.00,"£1,033.60",31.60%,£793.60,24.20%,7.40%
03/01/2025,95,Sarah,Birmingham,Shipping,Orion Enterprises,C015,Referral,P006,Monitor Stand,£40.00,18,£720.00,3%,£698.40,20%,£139.68,£838.08,£24.00,£432.00,£7.00,£126.00,20%,£25.20,£266.40,38.10%,£140.40,20.10%,18.00%
03/01/2025,481,Lisa,Nottingham,Pending,Nova Innovations,C018,Referral,P006,Monitor Stand,£40.00,9,£360.00,8%,£331.20,20%,£66.24,£397.44,£24.00,£216.00,£7.00,£63.00,20%,£12.60,£115.20,34.80%,£52.20,15.80%,19.00%
03/02/2025,245,Dave,Birmingham,Shipping,Stellar Systems,C006,Content Outreach,P009,Ergonomic Chair,£190.00,10,"£1,900.00",5%,"£1,805.00",20%,£361.00,"£2,166.00",£115.00,"£1,150.00",£45.00,£450.00,20%,£90.00,£655.00,36.30%,£205.00,11.40%,24.90%
03/02/2025,282,Daniel,Bristol,Paid,Solar Solutions,C011,Content Outreach,P009,Ergonomic Chair,£190.00,20,"£3,800.00",5%,"£3,610.00",20%,£722.00,"£4,332.00",£115.00,"£2,300.00",£45.00,£900.00,20%,£180.00,"£1,310.00",36.30%,£410.00,11.40%,24.90%
03/02/2025,343,Lucas,Nottingham,Pending,Supernova Solutions,C014,Referral,P010,Standing Desk,£530.00,10,"£5,300.00",3%,"£5,141.00",20%,"£1,028.20","£6,169.20",£360.00,"£3,600.00",£60.00,£600.00,20%,£120.00,"£1,541.00",30.00%,£941.00,18.30%,11.70%
03/03/2025,17,Lisa,Sheffield,Shipping,Celestial Industries,C013,Referral,P006,Monitor Stand,£40.00,17,£680.00,7%,£632.40,20%,£126.48,£758.88,£24.00,£408.00,£7.00,£119.00,20%,£23.80,£224.40,35.50%,£105.40,16.70%,18.80%
03/03/2025,719,Lucas,London,Shipping,Nova Innovations,C018,SEO,P004,Data Storage Device,£70.00,19,"£1,330.00",8%,"£1,223.60",20%,£244.72,"£1,468.32",£30.00,£570.00,£8.00,£152.00,20%,£30.40,£653.60,53.40%,£501.60,41.00%,12.40%
03/03/2025,900,Mark,Sheffield,Pending,Mercury Industries,C023,SEO,P010,Standing Desk,£530.00,11,"£5,830.00",2%,"£5,713.40",20%,"£1,142.68","£6,856.08",£360.00,"£3,960.00",£60.00,£660.00,20%,£132.00,"£1,753.40",30.70%,"£1,093.40",19.10%,11.60%
03/04/2025,1,Alexandra,Liverpool,Paid,Supernova Solutions,C014,SEO,P006,Monitor Stand,£40.00,18,£720.00,2%,£705.60,20%,£141.12,£846.72,£24.00,£432.00,£7.00,£126.00,20%,£25.20,£273.60,38.80%,£147.60,20.90%,17.90%
03/04/2025,150,Jack,Birmingham,Pending,Cosmic Creations,C008,Referral,P007,Keyboard Tray,£25.00,13,£325.00,4%,£312.00,20%,£62.40,£374.40,£14.00,£182.00,£7.00,£91.00,20%,£18.20,£130.00,41.70%,£39.00,12.50%,29.20%
03/04/2025,536,Lisa,Leeds,Shipping,Venus Ventures,C024,Content Outreach,P010,Standing Desk,£530.00,12,"£6,360.00",3%,"£6,169.20",20%,"£1,233.84","£7,403.04",£360.00,"£4,320.00",£60.00,£720.00,20%,£144.00,"£1,849.20",30.00%,"£1,129.20",18.30%,11.70%
03/04/2025,568,Daniel,Birmingham,Shipping,Planetary Partners,C021,Referral,P006,Monitor Stand,£40.00,14,£560.00,3%,£543.20,20%,£108.64,£651.84,£24.00,£336.00,£7.00,£98.00,20%,£19.60,£207.20,38.10%,£109.20,20.10%,18.00%
03/04/2025,677,Sarah,Sheffield,Paid,Lunar Labs,C012,Referral,P008,Cable Management Tray,£20.00,12,£240.00,4%,£230.40,20%,£46.08,£276.48,£12.00,£144.00,£6.00,£72.00,20%,£14.40,£86.40,37.50%,£14.40,6.20%,31.30%
03/04/2025,720,Mark,Newcastle,Shipping,Saturn Solutions,C022,Content Outreach,P001,Laptop,£220.00,11,"£2,420.00",10%,"£2,178.00",20%,£435.60,"£2,613.60",£140.00,"£1,540.00",£15.00,£165.00,20%,£33.00,£638.00,29.30%,£473.00,21.70%,7.60%
03/04/2025,722,Jack,Newcastle,Paid,Venus Ventures,C024,Content Outreach,P003,Network Switch,£130.00,18,"£2,340.00",3%,"£2,269.80",20%,£453.96,"£2,723.76",£72.00,"£1,296.00",£8.00,£144.00,20%,£28.80,£973.80,42.90%,£829.80,36.60%,6.30%
03/05/2025,161,Dave,Newcastle,Pending,Stellar Systems,C006,Content Outreach,P003,Network Switch,£130.00,3,£390.00,8%,£358.80,20%,£71.76,£430.56,£72.00,£216.00,£8.00,£24.00,20%,£4.80,£142.80,39.80%,£118.80,33.10%,6.70%
03/05/2025,223,Mark,Liverpool,Pending,Solar Solutions,C011,Events Outreach,P008,Cable Management Tray,£20.00,19,£380.00,8%,£349.60,20%,£69.92,£419.52,£12.00,£228.00,£6.00,£114.00,20%,£22.80,£121.60,34.80%,£7.60,2.20%,32.60%
03/05/2025,290,Sarah,Leeds,Paid,Lunar Labs,C012,Referral,P008,Cable Management Tray,£20.00,10,£200.00,2%,£196.00,20%,£39.20,£235.20,£12.00,£120.00,£6.00,£60.00,20%,£12.00,£76.00,38.80%,£16.00,8.20%,30.60%
03/05/2025,522,Lucas,Bristol,Paid,Nova Innovations,C018,SEO,P007,Keyboard Tray,£25.00,15,£375.00,4%,£360.00,20%,£72.00,£432.00,£14.00,£210.00,£7.00,£105.00,20%,£21.00,£150.00,41.70%,£45.00,12.50%,29.20%
03/05/2025,798,Sarah,Liverpool,Paid,Interstellar Enterprises,C019,SEO,P004,Data Storage Device,£70.00,5,£350.00,9%,£318.50,20%,£63.70,£382.20,£30.00,£150.00,£8.00,£40.00,20%,£8.00,£168.50,52.90%,£128.50,40.30%,12.60%
03/05/2025,823,Lisa,Birmingham,Shipping,Planetary Partners,C021,Website,P008,Cable Management Tray,£20.00,20,£400.00,7%,£372.00,20%,£74.40,£446.40,£12.00,£240.00,£6.00,£120.00,20%,£24.00,£132.00,35.50%,£12.00,3.20%,32.30%
03/06/2025,164,Lucas,Newcastle,Shipping,Comet Corporation,C016,Social Media Outreach,P010,Standing Desk,£530.00,20,"£10,600.00",3%,"£10,282.00",20%,"£2,056.40","£12,338.40",£360.00,"£7,200.00",£60.00,"£1,200.00",20%,£240.00,"£3,082.00",30.00%,"£1,882.00",18.30%,11.70%
03/06/2025,337,Daniel,Leeds,Paid,Aurora Enterprises,C010,Content Outreach,P004,Data Storage Device,£70.00,14,£980.00,3%,£950.60,20%,£190.12,"£1,140.72",£30.00,£420.00,£8.00,£112.00,20%,£22.40,£530.60,55.80%,£418.60,44.00%,11.80%
03/06/2025,426,Dave,Nottingham,Shipping,Celestial Industries,C013,Referral,P006,Monitor Stand,£40.00,17,£680.00,9%,£618.80,20%,£123.76,£742.56,£24.00,£408.00,£7.00,£119.00,20%,£23.80,£210.80,34.10%,£91.80,14.80%,19.30%
03/06/2025,588,Dave,Bristol,Shipping,Galactic Enterprises,C003,Content Outreach,P006,Monitor Stand,£40.00,1,£40.00,6%,£37.60,20%,£7.52,£45.12,£24.00,£24.00,£7.00,£7.00,20%,£1.40,£13.60,36.20%,£6.60,17.60%,18.60%
03/06/2025,830,Alexandra,Nottingham,Shipping,Saturn Solutions,C022,Referral,P005,Software License,£200.00,9,"£1,800.00",2%,"£1,764.00",20%,£352.80,"£2,116.80",£110.00,£990.00, £-   , £-   ,0%, £-   ,£774.00,43.90%,£774.00,43.90%,0.00%
03/06/2025,877,Sarah,Birmingham,Paid,Cosmic Creations,C008,SEO,P008,Cable Management Tray,£20.00,20,£400.00,3%,£388.00,20%,£77.60,£465.60,£12.00,£240.00,£6.00,£120.00,20%,£24.00,£148.00,38.10%,£28.00,7.20%,30.90%
03/07/2025,418,Lisa,London,Shipping,Galactic Enterprises,C003,Referral,P003,Network Switch,£130.00,20,"£2,600.00",7%,"£2,418.00",20%,£483.60,"£2,901.60",£72.00,"£1,440.00",£8.00,£160.00,20%,£32.00,£978.00,40.40%,£818.00,33.80%,6.60%
03/08/2025,209,Jack,Manchester,Shipping,Mercury Industries,C023,Referral,P006,Monitor Stand,£40.00,13,£520.00,9%,£473.20,20%,£94.64,£567.84,£24.00,£312.00,£7.00,£91.00,20%,£18.20,£161.20,34.10%,£70.20,14.80%,19.30%
03/08/2025,686,Jack,Manchester,Pending,Planetary Partners,C021,Referral,P004,Data Storage Device,£70.00,7,£490.00,10%,£441.00,20%,£88.20,£529.20,£30.00,£210.00,£8.00,£56.00,20%,£11.20,£231.00,52.40%,£175.00,39.70%,12.70%
03/10/2025,4,Alexandra,Newcastle,Pending,Infinity Innovations,C009,SEO,P006,Monitor Stand,£40.00,9,£360.00,10%,£324.00,20%,£64.80,£388.80,£24.00,£216.00,£7.00,£63.00,20%,£12.60,£108.00,33.30%,£45.00,13.90%,19.40%
03/10/2025,793,Dave,Birmingham,Shipping,AstroTech,C017,SEO,P001,Laptop,£220.00,16,"£3,520.00",8%,"£3,238.40",20%,£647.68,"£3,886.08",£140.00,"£2,240.00",£15.00,£240.00,20%,£48.00,£998.40,30.80%,£758.40,23.40%,7.40%
03/11/2025,10,Dave,Liverpool,Shipping,Nebula Technologies,C007,Content Outreach,P006,Monitor Stand,£40.00,18,£720.00,3%,£698.40,20%,£139.68,£838.08,£24.00,£432.00,£7.00,£126.00,20%,£25.20,£266.40,38.10%,£140.40,20.10%,18.00%
03/11/2025,319,Lisa,London,Pending,Starlight Industries,C002,Events Outreach,P003,Network Switch,£130.00,20,"£2,600.00",3%,"£2,522.00",20%,£504.40,"£3,026.40",£72.00,"£1,440.00",£8.00,£160.00,20%,£32.00,"£1,082.00",42.90%,£922.00,36.60%,6.30%
03/11/2025,364,Sarah,Leeds,Paid,AstroTech,C017,SEO,P003,Network Switch,£130.00,2,£260.00,9%,£236.60,20%,£47.32,£283.92,£72.00,£144.00,£8.00,£16.00,20%,£3.20,£92.60,39.10%,£76.60,32.40%,6.70%
03/11/2025,652,Sarah,Birmingham,Pending,Mercury Industries,C023,SEO,P002,Server Key,£150.00,19,"£2,850.00",2%,"£2,793.00",20%,£558.60,"£3,351.60",£80.00,"£1,520.00", £-   , £-   ,0%, £-   ,"£1,273.00",45.60%,"£1,273.00",45.60%,0.00%
03/11/2025,904,Dave,Nottingham,Paid,Nebula Technologies,C007,Events Outreach,P004,Data Storage Device,£70.00,2,£140.00,12%,£123.20,20%,£24.64,£147.84,£30.00,£60.00,£8.00,£16.00,20%,£3.20,£63.20,51.30%,£47.20,38.30%,13.00%
03/12/2025,264,Dave,Birmingham,Paid,Starlight Industries,C002,Social Media Outreach,P003,Network Switch,£130.00,6,£780.00,8%,£717.60,20%,£143.52,£861.12,£72.00,£432.00,£8.00,£48.00,20%,£9.60,£285.60,39.80%,£237.60,33.10%,6.70%
04/01/2025,413,Lucas,Brighton,Paid,Venus Ventures,C024,Content Outreach,P004,Data Storage Device,£70.00,16,"£1,120.00",3%,"£1,086.40",20%,£217.28,"£1,303.68",£30.00,£480.00,£8.00,£128.00,20%,£25.60,£606.40,55.80%,£478.40,44.00%,11.80%
04/02/2025,616,Alexandra,Bristol,Shipping,AstroTech,C017,Referral,P006,Monitor Stand,£40.00,19,£760.00,3%,£737.20,20%,£147.44,£884.64,£24.00,£456.00,£7.00,£133.00,20%,£26.60,£281.20,38.10%,£148.20,20.10%,18.00%
04/02/2025,631,Jack,Liverpool,Paid,Acme Corporation,C001,Referral,P004,Data Storage Device,£70.00,8,£560.00,2%,£548.80,20%,£109.76,£658.56,£30.00,£240.00,£8.00,£64.00,20%,£12.80,£308.80,56.30%,£244.80,44.60%,11.70%
04/02/2025,694,Alexandra,Leeds,Shipping,Mars Enterprises,C025,Website,P004,Data Storage Device,£70.00,10,£700.00,1%,£693.00,20%,£138.60,£831.60,£30.00,£300.00,£8.00,£80.00,20%,£16.00,£393.00,56.70%,£313.00,45.20%,11.50%
04/02/2025,759,Dave,London,Shipping,AstroTech,C017,Social Media Outreach,P004,Data Storage Device,£70.00,18,"£1,260.00",7%,"£1,171.80",20%,£234.36,"£1,406.16",£30.00,£540.00,£8.00,£144.00,20%,£28.80,£631.80,53.90%,£487.80,41.60%,12.30%
04/03/2025,569,Sarah,Manchester,Paid,Stellar Systems,C006,Website,P009,Ergonomic Chair,£190.00,12,"£2,280.00",2%,"£2,234.40",20%,£446.88,"£2,681.28",£115.00,"£1,380.00",£45.00,£540.00,20%,£108.00,£854.40,38.20%,£314.40,14.10%,24.10%
04/03/2025,871,Sarah,Birmingham,Pending,Saturn Solutions,C022,Referral,P007,Keyboard Tray,£25.00,16,£400.00,5%,£380.00,20%,£76.00,£456.00,£14.00,£224.00,£7.00,£112.00,20%,£22.40,£156.00,41.10%,£44.00,11.60%,29.50%
04/05/2025,210,Daniel,Brighton,Shipping,Orion Enterprises,C015,Referral,P001,Laptop,£220.00,15,"£3,300.00",2%,"£3,234.00",20%,£646.80,"£3,880.80",£140.00,"£2,100.00",£15.00,£225.00,20%,£45.00,"£1,134.00",35.10%,£909.00,28.10%,7.00%
04/05/2025,271,Lisa,Liverpool,Paid,Cosmic Creations,C008,SEO,P007,Keyboard Tray,£25.00,2,£50.00,9%,£45.50,20%,£9.10,£54.60,£14.00,£28.00,£7.00,£14.00,20%,£2.80,£17.50,38.50%,£3.50,7.70%,30.80%
04/06/2025,308,Sarah,Birmingham,Pending,Planetary Partners,C021,Content Outreach,P004,Data Storage Device,£70.00,3,£210.00,6%,£197.40,20%,£39.48,£236.88,£30.00,£90.00,£8.00,£24.00,20%,£4.80,£107.40,54.40%,£83.40,42.20%,12.20%
04/06/2025,472,Lisa,Manchester,Shipping,Solar Solutions,C011,Referral,P010,Standing Desk,£530.00,2,"£1,060.00",10%,£954.00,20%,£190.80,"£1,144.80",£360.00,£720.00,£60.00,£120.00,20%,£24.00,£234.00,24.50%,£114.00,11.90%,12.60%
04/06/2025,572,Mark,Manchester,Pending,Moonbeam Innovations,C005,SEO,P010,Standing Desk,£530.00,14,"£7,420.00",5%,"£7,049.00",20%,"£1,409.80","£8,458.80",£360.00,"£5,040.00",£60.00,£840.00,20%,£168.00,"£2,009.00",28.50%,"£1,169.00",16.60%,11.90%
04/06/2025,655,Mark,Liverpool,Paid,Aurora Enterprises,C010,SEO,P003,Network Switch,£130.00,17,"£2,210.00",10%,"£1,989.00",20%,£397.80,"£2,386.80",£72.00,"£1,224.00",£8.00,£136.00,20%,£27.20,£765.00,38.50%,£629.00,31.60%,6.90%
04/06/2025,689,Lisa,Sheffield,Shipping,Cosmic Creations,C008,Website,P002,Server Key,£150.00,13,"£1,950.00",10%,"£1,755.00",20%,£351.00,"£2,106.00",£80.00,"£1,040.00", £-   , £-   ,0%, £-   ,£715.00,40.70%,£715.00,40.70%,0.00%
04/07/2025,103,Daniel,Bristol,Shipping,Orion Enterprises,C015,SEO,P004,Data Storage Device,£70.00,4,£280.00,3%,£271.60,20%,£54.32,£325.92,£30.00,£120.00,£8.00,£32.00,20%,£6.40,£151.60,55.80%,£119.60,44.00%,11.80%
04/07/2025,128,Daniel,Nottingham,Paid,Infinity Innovations,C009,Referral,P006,Monitor Stand,£40.00,5,£200.00,10%,£180.00,20%,£36.00,£216.00,£24.00,£120.00,£7.00,£35.00,20%,£7.00,£60.00,33.30%,£25.00,13.90%,19.40%
04/07/2025,191,Jack,Leeds,Pending,AstroTech,C017,Referral,P003,Network Switch,£130.00,14,"£1,820.00",12%,"£1,601.60",20%,£320.32,"£1,921.92",£72.00,"£1,008.00",£8.00,£112.00,20%,£22.40,£593.60,37.10%,£481.60,30.10%,7.00%
04/07/2025,645,Jack,Liverpool,Pending,Celestial Industries,C013,Content Outreach,P009,Ergonomic Chair,£190.00,14,"£2,660.00",10%,"£2,394.00",20%,£478.80,"£2,872.80",£115.00,"£1,610.00",£45.00,£630.00,20%,£126.00,£784.00,32.70%,£154.00,6.40%,26.30%
04/07/2025,743,Sarah,Leeds,Shipping,Nova Innovations,C018,Referral,P007,Keyboard Tray,£25.00,5,£125.00,6%,£117.50,20%,£23.50,£141.00,£14.00,£70.00,£7.00,£35.00,20%,£7.00,£47.50,40.40%,£12.50,10.60%,29.80%
04/08/2025,205,Lucas,London,Paid,Supernova Solutions,C014,SEO,P002,Server Key,£150.00,15,"£2,250.00",6%,"£2,115.00",20%,£423.00,"£2,538.00",£80.00,"£1,200.00", £-   , £-   ,0%, £-   ,£915.00,43.30%,£915.00,43.30%,0.00%
04/08/2025,920,Daniel,Sheffield,Shipping,Cosmos Creations,C020,Content Outreach,P009,Ergonomic Chair,£190.00,5,£950.00,5%,£902.50,20%,£180.50,"£1,083.00",£115.00,£575.00,£45.00,£225.00,20%,£45.00,£327.50,36.30%,£102.50,11.40%,24.90%
04/08/2025,954,Daniel,Birmingham,Paid,Saturn Solutions,C022,Referral,P007,Keyboard Tray,£25.00,10,£250.00,2%,£245.00,20%,£49.00,£294.00,£14.00,£140.00,£7.00,£70.00,20%,£14.00,£105.00,42.90%,£35.00,14.30%,28.60%
04/09/2025,688,Mark,Manchester,Pending,Interstellar Enterprises,C019,Referral,P003,Network Switch,£130.00,20,"£2,600.00",8%,"£2,392.00",20%,£478.40,"£2,870.40",£72.00,"£1,440.00",£8.00,£160.00,20%,£32.00,£952.00,39.80%,£792.00,33.10%,6.70%
04/10/2025,13,Dave,Nottingham,Shipping,Moonbeam Innovations,C005,Social Media Outreach,P004,Data Storage Device,£70.00,14,£980.00,3%,£950.60,20%,£190.12,"£1,140.72",£30.00,£420.00,£8.00,£112.00,20%,£22.40,£530.60,55.80%,£418.60,44.00%,11.80%
04/10/2025,374,Mark,Brighton,Pending,Nebula Technologies,C007,SEO,P004,Data Storage Device,£70.00,2,£140.00,3%,£135.80,20%,£27.16,£162.96,£30.00,£60.00,£8.00,£16.00,20%,£3.20,£75.80,55.80%,£59.80,44.00%,11.80%
04/10/2025,581,Daniel,Sheffield,Paid,Venus Ventures,C024,SEO,P008,Cable Management Tray,£20.00,2,£40.00,9%,£36.40,20%,£7.28,£43.68,£12.00,£24.00,£6.00,£12.00,20%,£2.40,£12.40,34.10%,£0.40,1.10%,33.00%
04/10/2025,628,Alexandra,Nottingham,Pending,Nova Innovations,C018,Content Outreach,P007,Keyboard Tray,£25.00,15,£375.00,5%,£356.25,20%,£71.25,£427.50,£14.00,£210.00,£7.00,£105.00,20%,£21.00,£146.25,41.10%,£41.25,11.60%,29.50%
04/10/2025,958,Mark,Birmingham,Pending,Mercury Industries,C023,Referral,P006,Monitor Stand,£40.00,20,£800.00,5%,£760.00,20%,£152.00,£912.00,£24.00,£480.00,£7.00,£140.00,20%,£28.00,£280.00,36.80%,£140.00,18.40%,18.40%
04/11/2025,172,Jack,Nottingham,Shipping,Nova Innovations,C018,Referral,P008,Cable Management Tray,£20.00,7,£140.00,7%,£130.20,20%,£26.04,£156.24,£12.00,£84.00,£6.00,£42.00,20%,£8.40,£46.20,35.50%,£4.20,3.20%,32.30%
04/11/2025,381,Mark,Birmingham,Shipping,Orion Enterprises,C015,Events Outreach,P007,Keyboard Tray,£25.00,7,£175.00,3%,£169.75,20%,£33.95,£203.70,£14.00,£98.00,£7.00,£49.00,20%,£9.80,£71.75,42.30%,£22.75,13.40%,28.90%
04/11/2025,535,Jack,Manchester,Pending,Stellar Systems,C006,SEO,P007,Keyboard Tray,£25.00,4,£100.00,5%,£95.00,20%,£19.00,£114.00,£14.00,£56.00,£7.00,£28.00,20%,£5.60,£39.00,41.10%,£11.00,11.60%,29.50%
04/11/2025,589,Mark,Manchester,Paid,Galactic Enterprises,C003,Content Outreach,P003,Network Switch,£130.00,12,"£1,560.00",7%,"£1,450.80",20%,£290.16,"£1,740.96",£72.00,£864.00,£8.00,£96.00,20%,£19.20,£586.80,40.40%,£490.80,33.80%,6.60%
04/11/2025,803,Dave,Bristol,Shipping,Nova Innovations,C018,Referral,P008,Cable Management Tray,£20.00,5,£100.00,5%,£95.00,20%,£19.00,£114.00,£12.00,£60.00,£6.00,£30.00,20%,£6.00,£35.00,36.80%,£5.00,5.30%,31.50%
04/12/2025,734,Mark,Newcastle,Pending,Planetary Partners,C021,Social Media Outreach,P002,Server Key,£150.00,17,"£2,550.00",5%,"£2,422.50",20%,£484.50,"£2,907.00",£80.00,"£1,360.00", £-   , £-   ,0%, £-   ,"£1,062.50",43.90%,"£1,062.50",43.90%,0.00%
04/12/2025,774,Sarah,Manchester,Pending,Galactic Enterprises,C003,Referral,P001,Laptop,£220.00,1,£220.00,6%,£206.80,20%,£41.36,£248.16,£140.00,£140.00,£15.00,£15.00,20%,£3.00,£66.80,32.30%,£51.80,25.00%,7.30%
05/01/2025,475,Alexandra,Sheffield,Shipping,Cosmic Creations,C008,Referral,P009,Ergonomic Chair,£190.00,7,"£1,330.00",3%,"£1,290.10",20%,£258.02,"£1,548.12",£115.00,£805.00,£45.00,£315.00,20%,£63.00,£485.10,37.60%,£170.10,13.20%,24.40%
05/02/2025,69,Mark,Newcastle,Pending,Mercury Industries,C023,Content Outreach,P004,Data Storage Device,£70.00,14,£980.00,10%,£882.00,20%,£176.40,"£1,058.40",£30.00,£420.00,£8.00,£112.00,20%,£22.40,£462.00,52.40%,£350.00,39.70%,12.70%
05/02/2025,249,Dave,Nottingham,Shipping,Cosmic Creations,C008,SEO,P006,Monitor Stand,£40.00,4,£160.00,2%,£156.80,20%,£31.36,£188.16,£24.00,£96.00,£7.00,£28.00,20%,£5.60,£60.80,38.80%,£32.80,20.90%,17.90%
05/02/2025,824,Alexandra,Brighton,Pending,Venus Ventures,C024,Content Outreach,P010,Standing Desk,£530.00,20,"£10,600.00",8%,"£9,752.00",20%,"£1,950.40","£11,702.40",£360.00,"£7,200.00",£60.00,"£1,200.00",20%,£240.00,"£2,552.00",26.20%,"£1,352.00",13.90%,12.30%
05/02/2025,837,Lucas,Newcastle,Pending,AstroTech,C017,Referral,P005,Software License,£200.00,8,"£1,600.00",7%,"£1,488.00",20%,£297.60,"£1,785.60",£110.00,£880.00, £-   , £-   ,0%, £-   ,£608.00,40.90%,£608.00,40.90%,0.00%
05/04/2025,425,Jack,Liverpool,Pending,Infinity Innovations,C009,Referral,P005,Software License,£200.00,11,"£2,200.00",4%,"£2,112.00",20%,£422.40,"£2,534.40",£110.00,"£1,210.00", £-   , £-   ,0%, £-   ,£902.00,42.70%,£902.00,42.70%,0.00%
05/04/2025,438,Dave,Leeds,Paid,Nebula Technologies,C007,SEO,P010,Standing Desk,£530.00,3,"£1,590.00",10%,"£1,431.00",20%,£286.20,"£1,717.20",£360.00,"£1,080.00",£60.00,£180.00,20%,£36.00,£351.00,24.50%,£171.00,11.90%,12.60%
05/05/2025,211,Dave,Leeds,Paid,Mars Enterprises,C025,Referral,P009,Ergonomic Chair,£190.00,1,£190.00,10%,£171.00,20%,£34.20,£205.20,£115.00,£115.00,£45.00,£45.00,20%,£9.00,£56.00,32.70%,£11.00,6.40%,26.30%
05/05/2025,372,Jack,Leeds,Paid,Sunrise Solutions,C004,Social Media Outreach,P002,Server Key,£150.00,15,"£2,250.00",7%,"£2,092.50",20%,£418.50,"£2,511.00",£80.00,"£1,200.00", £-   , £-   ,0%, £-   ,£892.50,42.70%,£892.50,42.70%,0.00%
05/05/2025,538,Sarah,Bristol,Shipping,Stellar Systems,C006,Events Outreach,P010,Standing Desk,£530.00,15,"£7,950.00",2%,"£7,791.00",20%,"£1,558.20","£9,349.20",£360.00,"£5,400.00",£60.00,£900.00,20%,£180.00,"£2,391.00",30.70%,"£1,491.00",19.10%,11.60%
05/05/2025,678,Jack,Bristol,Paid,Nebula Technologies,C007,SEO,P003,Network Switch,£130.00,6,£780.00,3%,£756.60,20%,£151.32,£907.92,£72.00,£432.00,£8.00,£48.00,20%,£9.60,£324.60,42.90%,£276.60,36.60%,6.30%
05/05/2025,988,Alexandra,Birmingham,Paid,Mercury Industries,C023,Events Outreach,P008,Cable Management Tray,£20.00,20,£400.00,3%,£388.00,20%,£77.60,£465.60,£12.00,£240.00,£6.00,£120.00,20%,£24.00,£148.00,38.10%,£28.00,7.20%,30.90%
05/06/2025,108,Lucas,Newcastle,Shipping,Sunrise Solutions,C004,SEO,P005,Software License,£200.00,6,"£1,200.00",7%,"£1,116.00",20%,£223.20,"£1,339.20",£110.00,£660.00, £-   , £-   ,0%, £-   ,£456.00,40.90%,£456.00,40.90%,0.00%
05/06/2025,259,Lisa,Nottingham,Paid,Celestial Industries,C013,Content Outreach,P010,Standing Desk,£530.00,19,"£10,070.00",2%,"£9,868.60",20%,"£1,973.72","£11,842.32",£360.00,"£6,840.00",£60.00,"£1,140.00",20%,£228.00,"£3,028.60",30.70%,"£1,888.60",19.10%,11.60%
05/06/2025,280,Alexandra,Newcastle,Shipping,Acme Corporation,C001,SEO,P007,Keyboard Tray,£25.00,19,£475.00,2%,£465.50,20%,£93.10,£558.60,£14.00,£266.00,£7.00,£133.00,20%,£26.60,£199.50,42.90%,£66.50,14.30%,28.60%
05/06/2025,396,Alexandra,Sheffield,Paid,Moonbeam Innovations,C005,Website,P001,Laptop,£220.00,19,"£4,180.00",2%,"£4,096.40",20%,£819.28,"£4,915.68",£140.00,"£2,660.00",£15.00,£285.00,20%,£57.00,"£1,436.40",35.10%,"£1,151.40",28.10%,7.00%
05/06/2025,500,Dave,Birmingham,Pending,Mars Enterprises,C025,SEO,P007,Keyboard Tray,£25.00,10,£250.00,10%,£225.00,20%,£45.00,£270.00,£14.00,£140.00,£7.00,£70.00,20%,£14.00,£85.00,37.80%,£15.00,6.70%,31.10%
05/07/2025,299,Lisa,Sheffield,Pending,AstroTech,C017,SEO,P004,Data Storage Device,£70.00,14,£980.00,5%,£931.00,20%,£186.20,"£1,117.20",£30.00,£420.00,£8.00,£112.00,20%,£22.40,£511.00,54.90%,£399.00,42.90%,12.00%
05/07/2025,675,Sarah,Bristol,Pending,Interstellar Enterprises,C019,Events Outreach,P009,Ergonomic Chair,£190.00,14,"£2,660.00",2%,"£2,606.80",20%,£521.36,"£3,128.16",£115.00,"£1,610.00",£45.00,£630.00,20%,£126.00,£996.80,38.20%,£366.80,14.10%,24.10%
05/08/2025,81,Mark,Liverpool,Paid,Orion Enterprises,C015,Website,P004,Data Storage Device,£70.00,9,£630.00,6%,£592.20,20%,£118.44,£710.64,£30.00,£270.00,£8.00,£72.00,20%,£14.40,£322.20,54.40%,£250.20,42.20%,12.20%
05/08/2025,286,Jack,Manchester,Pending,AstroTech,C017,Referral,P006,Monitor Stand,£40.00,12,£480.00,10%,£432.00,20%,£86.40,£518.40,£24.00,£288.00,£7.00,£84.00,20%,£16.80,£144.00,33.30%,£60.00,13.90%,19.40%
05/08/2025,389,Daniel,Brighton,Shipping,Comet Corporation,C016,Website,P005,Software License,£200.00,14,"£2,800.00",7%,"£2,604.00",20%,£520.80,"£3,124.80",£110.00,"£1,540.00", £-   , £-   ,0%, £-   ,"£1,064.00",40.90%,"£1,064.00",40.90%,0.00%
05/08/2025,461,Dave,Leeds,Pending,AstroTech,C017,Content Outreach,P003,Network Switch,£130.00,7,£910.00,3%,£882.70,20%,£176.54,"£1,059.24",£72.00,£504.00,£8.00,£56.00,20%,£11.20,£378.70,42.90%,£322.70,36.60%,6.30%
05/08/2025,855,Alexandra,Brighton,Paid,Saturn Solutions,C022,Content Outreach,P004,Data Storage Device,£70.00,3,£210.00,8%,£193.20,20%,£38.64,£231.84,£30.00,£90.00,£8.00,£24.00,20%,£4.80,£103.20,53.40%,£79.20,41.00%,12.40%
05/08/2025,946,Dave,Nottingham,Shipping,Lunar Labs,C012,Events Outreach,P004,Data Storage Device,£70.00,20,"£1,400.00",8%,"£1,288.00",20%,£257.60,"£1,545.60",£30.00,£600.00,£8.00,£160.00,20%,£32.00,£688.00,53.40%,£528.00,41.00%,12.40%
05/09/2025,40,Dave,Bristol,Paid,Cosmic Creations,C008,Website,P008,Cable Management Tray,£20.00,13,£260.00,3%,£252.20,20%,£50.44,£302.64,£12.00,£156.00,£6.00,£78.00,20%,£15.60,£96.20,38.10%,£18.20,7.20%,30.90%
05/09/2025,133,Lucas,Bristol,Pending,Venus Ventures,C024,SEO,P004,Data Storage Device,£70.00,13,£910.00,3%,£882.70,20%,£176.54,"£1,059.24",£30.00,£390.00,£8.00,£104.00,20%,£20.80,£492.70,55.80%,£388.70,44.00%,11.80%
05/09/2025,304,Jack,Liverpool,Shipping,Galactic Enterprises,C003,Referral,P006,Monitor Stand,£40.00,19,£760.00,10%,£684.00,20%,£136.80,£820.80,£24.00,£456.00,£7.00,£133.00,20%,£26.60,£228.00,33.30%,£95.00,13.90%,19.40%
05/09/2025,510,Sarah,Nottingham,Shipping,Cosmos Creations,C020,Content Outreach,P006,Monitor Stand,£40.00,12,£480.00,5%,£456.00,20%,£91.20,£547.20,£24.00,£288.00,£7.00,£84.00,20%,£16.80,£168.00,36.80%,£84.00,18.40%,18.40%
05/10/2025,173,Daniel,Nottingham,Paid,Stellar Systems,C006,Referral,P001,Laptop,£220.00,1,£220.00,8%,£202.40,20%,£40.48,£242.88,£140.00,£140.00,£15.00,£15.00,20%,£3.00,£62.40,30.80%,£47.40,23.40%,7.40%
05/10/2025,301,Alexandra,Bristol,Shipping,Galactic Enterprises,C003,Events Outreach,P005,Software License,£200.00,5,"£1,000.00",4%,£960.00,20%,£192.00,"£1,152.00",£110.00,£550.00, £-   , £-   ,0%, £-   ,£410.00,42.70%,£410.00,42.70%,0.00%
05/11/2025,71,Mark,Newcastle,Shipping,Celestial Industries,C013,Content Outreach,P004,Data Storage Device,£70.00,6,£420.00,3%,£407.40,20%,£81.48,£488.88,£30.00,£180.00,£8.00,£48.00,20%,£9.60,£227.40,55.80%,£179.40,44.00%,11.80%
05/12/2025,175,Mark,Liverpool,Paid,Planetary Partners,C021,Social Media Outreach,P006,Monitor Stand,£40.00,17,£680.00,5%,£646.00,20%,£129.20,£775.20,£24.00,£408.00,£7.00,£119.00,20%,£23.80,£238.00,36.80%,£119.00,18.40%,18.40%
05/12/2025,332,Lisa,Birmingham,Pending,Orion Enterprises,C015,Social Media Outreach,P005,Software License,£200.00,15,"£3,000.00",4%,"£2,880.00",20%,£576.00,"£3,456.00",£110.00,"£1,650.00", £-   , £-   ,0%, £-   ,"£1,230.00",42.70%,"£1,230.00",42.70%,0.00%
05/12/2025,398,Sarah,Brighton,Pending,Starlight Industries,C002,Referral,P006,Monitor Stand,£40.00,6,£240.00,4%,£230.40,20%,£46.08,£276.48,£24.00,£144.00,£7.00,£42.00,20%,£8.40,£86.40,37.50%,£44.40,19.30%,18.20%
05/12/2025,595,Mark,Newcastle,Pending,Orion Enterprises,C015,Referral,P003,Network Switch,£130.00,18,"£2,340.00",8%,"£2,152.80",20%,£430.56,"£2,583.36",£72.00,"£1,296.00",£8.00,£144.00,20%,£28.80,£856.80,39.80%,£712.80,33.10%,6.70%
05/12/2025,712,Lisa,Brighton,Paid,Moonbeam Innovations,C005,SEO,P001,Laptop,£220.00,14,"£3,080.00",6%,"£2,895.20",20%,£579.04,"£3,474.24",£140.00,"£1,960.00",£15.00,£210.00,20%,£42.00,£935.20,32.30%,£725.20,25.00%,7.30%
06/01/2025,385,Dave,Manchester,Shipping,Starlight Industries,C002,Website,P003,Network Switch,£130.00,16,"£2,080.00",3%,"£2,017.60",20%,£403.52,"£2,421.12",£72.00,"£1,152.00",£8.00,£128.00,20%,£25.60,£865.60,42.90%,£737.60,36.60%,6.30%
06/01/2025,642,Jack,Brighton,Shipping,Cosmic Creations,C008,Events Outreach,P002,Server Key,£150.00,3,£450.00,4%,£432.00,20%,£86.40,£518.40,£80.00,£240.00, £-   , £-   ,0%, £-   ,£192.00,44.40%,£192.00,44.40%,0.00%
06/01/2025,659,Lucas,Leeds,Paid,Saturn Solutions,C022,Website,P010,Standing Desk,£530.00,5,"£2,650.00",5%,"£2,517.50",20%,£503.50,"£3,021.00",£360.00,"£1,800.00",£60.00,£300.00,20%,£60.00,£717.50,28.50%,£417.50,16.60%,11.90%
06/01/2025,757,Jack,Leeds,Pending,Cosmos Creations,C020,SEO,P006,Monitor Stand,£40.00,1,£40.00,3%,£38.80,20%,£7.76,£46.56,£24.00,£24.00,£7.00,£7.00,20%,£1.40,£14.80,38.10%,£7.80,20.10%,18.00%
06/02/2025,77,Mark,Birmingham,Paid,Venus Ventures,C024,SEO,P004,Data Storage Device,£70.00,8,£560.00,7%,£520.80,20%,£104.16,£624.96,£30.00,£240.00,£8.00,£64.00,20%,£12.80,£280.80,53.90%,£216.80,41.60%,12.30%
06/02/2025,459,Alexandra,Brighton,Paid,Sunrise Solutions,C004,Events Outreach,P010,Standing Desk,£530.00,5,"£2,650.00",10%,"£2,385.00",20%,£477.00,"£2,862.00",£360.00,"£1,800.00",£60.00,£300.00,20%,£60.00,£585.00,24.50%,£285.00,11.90%,12.60%
06/03/2025,298,Jack,Manchester,Shipping,AstroTech,C017,SEO,P008,Cable Management Tray,£20.00,20,£400.00,6%,£376.00,20%,£75.20,£451.20,£12.00,£240.00,£6.00,£120.00,20%,£24.00,£136.00,36.20%,£16.00,4.30%,31.90%
06/03/2025,670,Dave,Leeds,Paid,Sunrise Solutions,C004,SEO,P006,Monitor Stand,£40.00,13,£520.00,6%,£488.80,20%,£97.76,£586.56,£24.00,£312.00,£7.00,£91.00,20%,£18.20,£176.80,36.20%,£85.80,17.60%,18.60%
06/03/2025,881,Sarah,Brighton,Pending,Infinity Innovations,C009,Events Outreach,P002,Server Key,£150.00,18,"£2,700.00",3%,"£2,619.00",20%,£523.80,"£3,142.80",£80.00,"£1,440.00", £-   , £-   ,0%, £-   ,"£1,179.00",45.00%,"£1,179.00",45.00%,0.00%
06/05/2025,92,Alexandra,Nottingham,Paid,Acme Corporation,C001,SEO,P001,Laptop,£220.00,7,"£1,540.00",6%,"£1,447.60",20%,£289.52,"£1,737.12",£140.00,£980.00,£15.00,£105.00,20%,£21.00,£467.60,32.30%,£362.60,25.00%,7.30%
06/05/2025,176,Sarah,Nottingham,Paid,Starlight Industries,C002,Content Outreach,P008,Cable Management Tray,£20.00,6,£120.00,5%,£114.00,20%,£22.80,£136.80,£12.00,£72.00,£6.00,£36.00,20%,£7.20,£42.00,36.80%,£6.00,5.30%,31.50%
06/05/2025,234,Daniel,London,Paid,Aurora Enterprises,C010,SEO,P001,Laptop,£220.00,3,£660.00,7%,£613.80,20%,£122.76,£736.56,£140.00,£420.00,£15.00,£45.00,20%,£9.00,£193.80,31.60%,£148.80,24.20%,7.40%
06/05/2025,768,Sarah,Birmingham,Paid,Orion Enterprises,C015,SEO,P006,Monitor Stand,£40.00,8,£320.00,2%,£313.60,20%,£62.72,£376.32,£24.00,£192.00,£7.00,£56.00,20%,£11.20,£121.60,38.80%,£65.60,20.90%,17.90%
06/05/2025,840,Jack,Bristol,Paid,Mars Enterprises,C025,Events Outreach,P006,Monitor Stand,£40.00,6,£240.00,5%,£228.00,20%,£45.60,£273.60,£24.00,£144.00,£7.00,£42.00,20%,£8.40,£84.00,36.80%,£42.00,18.40%,18.40%
06/06/2025,20,Lucas,Nottingham,Paid,Mercury Industries,C023,Events Outreach,P001,Laptop,£220.00,10,"£2,200.00",5%,"£2,090.00",20%,£418.00,"£2,508.00",£140.00,"£1,400.00",£15.00,£150.00,20%,£30.00,£690.00,33.00%,£540.00,25.80%,7.20%
06/06/2025,287,Dave,Brighton,Paid,Galactic Enterprises,C003,SEO,P007,Keyboard Tray,£25.00,11,£275.00,5%,£261.25,20%,£52.25,£313.50,£14.00,£154.00,£7.00,£77.00,20%,£15.40,£107.25,41.10%,£30.25,11.60%,29.50%
06/06/2025,365,Sarah,London,Paid,Nebula Technologies,C007,Website,P004,Data Storage Device,£70.00,10,£700.00,2%,£686.00,20%,£137.20,£823.20,£30.00,£300.00,£8.00,£80.00,20%,£16.00,£386.00,56.30%,£306.00,44.60%,11.70%
06/07/2025,48,Jack,London,Paid,Galactic Enterprises,C003,Events Outreach,P006,Monitor Stand,£40.00,11,£440.00,7%,£409.20,20%,£81.84,£491.04,£24.00,£264.00,£7.00,£77.00,20%,£15.40,£145.20,35.50%,£68.20,16.70%,18.80%
06/07/2025,317,Jack,Liverpool,Shipping,Aurora Enterprises,C010,Referral,P009,Ergonomic Chair,£190.00,7,"£1,330.00",10%,"£1,197.00",20%,£239.40,"£1,436.40",£115.00,£805.00,£45.00,£315.00,20%,£63.00,£392.00,32.70%,£77.00,6.40%,26.30%
06/08/2025,135,Daniel,Bristol,Paid,Solar Solutions,C011,Social Media Outreach,P008,Cable Management Tray,£20.00,18,£360.00,2%,£352.80,20%,£70.56,£423.36,£12.00,£216.00,£6.00,£108.00,20%,£21.60,£136.80,38.80%,£28.80,8.20%,30.60%
06/08/2025,791,Alexandra,Brighton,Shipping,Mars Enterprises,C025,SEO,P004,Data Storage Device,£70.00,9,£630.00,8%,£579.60,20%,£115.92,£695.52,£30.00,£270.00,£8.00,£72.00,20%,£14.40,£309.60,53.40%,£237.60,41.00%,12.40%
06/09/2025,142,Sarah,Newcastle,Paid,Planetary Partners,C021,SEO,P002,Server Key,£150.00,11,"£1,650.00",8%,"£1,518.00",20%,£303.60,"£1,821.60",£80.00,£880.00, £-   , £-   ,0%, £-   ,£638.00,42.00%,£638.00,42.00%,0.00%
06/09/2025,485,Lisa,Liverpool,Shipping,Stellar Systems,C006,Referral,P006,Monitor Stand,£40.00,1,£40.00,5%,£38.00,20%,£7.60,£45.60,£24.00,£24.00,£7.00,£7.00,20%,£1.40,£14.00,36.80%,£7.00,18.40%,18.40%
06/10/2025,224,Dave,Sheffield,Paid,Nebula Technologies,C007,Content Outreach,P009,Ergonomic Chair,£190.00,13,"£2,470.00",10%,"£2,223.00",20%,£444.60,"£2,667.60",£115.00,"£1,495.00",£45.00,£585.00,20%,£117.00,£728.00,32.70%,£143.00,6.40%,26.30%
06/10/2025,591,Sarah,Bristol,Pending,Starlight Industries,C002,SEO,P002,Server Key,£150.00,3,£450.00,3%,£436.50,20%,£87.30,£523.80,£80.00,£240.00, £-   , £-   ,0%, £-   ,£196.50,45.00%,£196.50,45.00%,0.00%
06/10/2025,760,Lisa,Sheffield,Pending,Planetary Partners,C021,Content Outreach,P008,Cable Management Tray,£20.00,10,£200.00,8%,£184.00,20%,£36.80,£220.80,£12.00,£120.00,£6.00,£60.00,20%,£12.00,£64.00,34.80%,£4.00,2.20%,32.60%
06/10/2025,886,Mark,Brighton,Paid,Venus Ventures,C024,Content Outreach,P008,Cable Management Tray,£20.00,14,£280.00,8%,£257.60,20%,£51.52,£309.12,£12.00,£168.00,£6.00,£84.00,20%,£16.80,£89.60,34.80%,£5.60,2.20%,32.60%
06/11/2025,630,Sarah,Liverpool,Pending,Aurora Enterprises,C010,Referral,P001,Laptop,£220.00,14,"£3,080.00",3%,"£2,987.60",20%,£597.52,"£3,585.12",£140.00,"£1,960.00",£15.00,£210.00,20%,£42.00,"£1,027.60",34.40%,£817.60,27.40%,7.00%
06/11/2025,713,Jack,Nottingham,Paid,Cosmos Creations,C020,Content Outreach,P006,Monitor Stand,£40.00,14,£560.00,7%,£520.80,20%,£104.16,£624.96,£24.00,£336.00,£7.00,£98.00,20%,£19.60,£184.80,35.50%,£86.80,16.70%,18.80%
06/12/2025,158,Sarah,Nottingham,Pending,Venus Ventures,C024,Website,P004,Data Storage Device,£70.00,20,"£1,400.00",5%,"£1,330.00",20%,£266.00,"£1,596.00",£30.00,£600.00,£8.00,£160.00,20%,£32.00,£730.00,54.90%,£570.00,42.90%,12.00%
06/12/2025,180,Dave,Nottingham,Pending,Venus Ventures,C024,Content Outreach,P004,Data Storage Device,£70.00,6,£420.00,10%,£378.00,20%,£75.60,£453.60,£30.00,£180.00,£8.00,£48.00,20%,£9.60,£198.00,52.40%,£150.00,39.70%,12.70%
06/12/2025,207,Dave,Birmingham,Shipping,Comet Corporation,C016,Referral,P002,Server Key,£150.00,12,"£1,800.00",5%,"£1,710.00",20%,£342.00,"£2,052.00",£80.00,£960.00, £-   , £-   ,0%, £-   ,£750.00,43.90%,£750.00,43.90%,0.00%
06/12/2025,243,Dave,London,Pending,Orion Enterprises,C015,Website,P004,Data Storage Device,£70.00,19,"£1,330.00",4%,"£1,276.80",20%,£255.36,"£1,532.16",£30.00,£570.00,£8.00,£152.00,20%,£30.40,£706.80,55.40%,£554.80,43.50%,11.90%
06/12/2025,818,Jack,Sheffield,Shipping,Interstellar Enterprises,C019,Referral,P001,Laptop,£220.00,7,"£1,540.00",1%,"£1,524.60",20%,£304.92,"£1,829.52",£140.00,£980.00,£15.00,£105.00,20%,£21.00,£544.60,35.70%,£439.60,28.80%,6.90%
07/01/2025,467,Jack,London,Paid,Celestial Industries,C013,Content Outreach,P004,Data Storage Device,£70.00,19,"£1,330.00",3%,"£1,290.10",20%,£258.02,"£1,548.12",£30.00,£570.00,£8.00,£152.00,20%,£30.40,£720.10,55.80%,£568.10,44.00%,11.80%
07/02/2025,410,Dave,Sheffield,Shipping,Nova Innovations,C018,Content Outreach,P008,Cable Management Tray,£20.00,19,£380.00,10%,£342.00,20%,£68.40,£410.40,£12.00,£228.00,£6.00,£114.00,20%,£22.80,£114.00,33.30%, £-   ,0.00%,33.30%
07/02/2025,781,Sarah,Birmingham,Shipping,Orion Enterprises,C015,SEO,P009,Ergonomic Chair,£190.00,1,£190.00,8%,£174.80,20%,£34.96,£209.76,£115.00,£115.00,£45.00,£45.00,20%,£9.00,£59.80,34.20%,£14.80,8.50%,25.70%
07/02/2025,911,Dave,Nottingham,Pending,Solar Solutions,C011,Referral,P010,Standing Desk,£530.00,20,"£10,600.00",1%,"£10,494.00",20%,"£2,098.80","£12,592.80",£360.00,"£7,200.00",£60.00,"£1,200.00",20%,£240.00,"£3,294.00",31.40%,"£2,094.00",20.00%,11.40%
07/03/2025,90,Sarah,Newcastle,Pending,Stellar Systems,C006,Referral,P005,Software License,£200.00,11,"£2,200.00",5%,"£2,090.00",20%,£418.00,"£2,508.00",£110.00,"£1,210.00", £-   , £-   ,0%, £-   ,£880.00,42.10%,£880.00,42.10%,0.00%
07/03/2025,296,Lisa,Leeds,Shipping,AstroTech,C017,Referral,P001,Laptop,£220.00,19,"£4,180.00",7%,"£3,887.40",20%,£777.48,"£4,664.88",£140.00,"£2,660.00",£15.00,£285.00,20%,£57.00,"£1,227.40",31.60%,£942.40,24.20%,7.40%
07/03/2025,493,Lucas,Bristol,Pending,Interstellar Enterprises,C019,SEO,P002,Server Key,£150.00,13,"£1,950.00",5%,"£1,852.50",20%,£370.50,"£2,223.00",£80.00,"£1,040.00", £-   , £-   ,0%, £-   ,£812.50,43.90%,£812.50,43.90%,0.00%
07/03/2025,516,Jack,Sheffield,Paid,Moonbeam Innovations,C005,SEO,P005,Software License,£200.00,3,£600.00,5%,£570.00,20%,£114.00,£684.00,£110.00,£330.00, £-   , £-   ,0%, £-   ,£240.00,42.10%,£240.00,42.10%,0.00%
07/04/2025,613,Mark,London,Pending,Venus Ventures,C024,Events Outreach,P010,Standing Desk,£530.00,14,"£7,420.00",2%,"£7,271.60",20%,"£1,454.32","£8,725.92",£360.00,"£5,040.00",£60.00,£840.00,20%,£168.00,"£2,231.60",30.70%,"£1,391.60",19.10%,11.60%
07/04/2025,662,Sarah,Nottingham,Shipping,Starlight Industries,C002,Referral,P007,Keyboard Tray,£25.00,7,£175.00,2%,£171.50,20%,£34.30,£205.80,£14.00,£98.00,£7.00,£49.00,20%,£9.80,£73.50,42.90%,£24.50,14.30%,28.60%
07/04/2025,941,Daniel,Nottingham,Shipping,Mars Enterprises,C025,Referral,P009,Ergonomic Chair,£190.00,15,"£2,850.00",2%,"£2,793.00",20%,£558.60,"£3,351.60",£115.00,"£1,725.00",£45.00,£675.00,20%,£135.00,"£1,068.00",38.20%,£393.00,14.10%,24.10%
07/05/2025,127,Lucas,Manchester,Shipping,Sunrise Solutions,C004,Referral,P006,Monitor Stand,£40.00,12,£480.00,5%,£456.00,20%,£91.20,£547.20,£24.00,£288.00,£7.00,£84.00,20%,£16.80,£168.00,36.80%,£84.00,18.40%,18.40%
07/05/2025,148,Sarah,Newcastle,Pending,Venus Ventures,C024,Content Outreach,P005,Software License,£200.00,12,"£2,400.00",2%,"£2,352.00",20%,£470.40,"£2,822.40",£110.00,"£1,320.00", £-   , £-   ,0%, £-   ,"£1,032.00",43.90%,"£1,032.00",43.90%,0.00%
07/05/2025,403,Mark,London,Shipping,Stellar Systems,C006,Social Media Outreach,P007,Keyboard Tray,£25.00,19,£475.00,7%,£441.75,20%,£88.35,£530.10,£14.00,£266.00,£7.00,£133.00,20%,£26.60,£175.75,39.80%,£42.75,9.70%,30.10%
07/05/2025,600,Sarah,London,Pending,Lunar Labs,C012,Website,P008,Cable Management Tray,£20.00,1,£20.00,2%,£19.60,20%,£3.92,£23.52,£12.00,£12.00,£6.00,£6.00,20%,£1.20,£7.60,38.80%,£1.60,8.20%,30.60%
07/06/2025,35,Jack,Nottingham,Paid,Lunar Labs,C012,SEO,P008,Cable Management Tray,£20.00,13,£260.00,10%,£234.00,20%,£46.80,£280.80,£12.00,£156.00,£6.00,£78.00,20%,£15.60,£78.00,33.30%, £-   ,0.00%,33.30%
07/06/2025,289,Jack,Brighton,Paid,Nebula Technologies,C007,Website,P006,Monitor Stand,£40.00,16,£640.00,3%,£620.80,20%,£124.16,£744.96,£24.00,£384.00,£7.00,£112.00,20%,£22.40,£236.80,38.10%,£124.80,20.10%,18.00%
07/06/2025,745,Lucas,London,Shipping,Starlight Industries,C002,SEO,P006,Monitor Stand,£40.00,9,£360.00,2%,£352.80,20%,£70.56,£423.36,£24.00,£216.00,£7.00,£63.00,20%,£12.60,£136.80,38.80%,£73.80,20.90%,17.90%
07/07/2025,908,Lisa,Nottingham,Shipping,Mercury Industries,C023,SEO,P002,Server Key,£150.00,7,"£1,050.00",3%,"£1,018.50",20%,£203.70,"£1,222.20",£80.00,£560.00, £-   , £-   ,0%, £-   ,£458.50,45.00%,£458.50,45.00%,0.00%
07/08/2025,105,Lucas,Bristol,Pending,Infinity Innovations,C009,SEO,P006,Monitor Stand,£40.00,16,£640.00,1%,£633.60,20%,£126.72,£760.32,£24.00,£384.00,£7.00,£112.00,20%,£22.40,£249.60,39.40%,£137.60,21.70%,17.70%
07/08/2025,152,Lucas,Sheffield,Paid,Starlight Industries,C002,Website,P009,Ergonomic Chair,£190.00,16,"£3,040.00",5%,"£2,888.00",20%,£577.60,"£3,465.60",£115.00,"£1,840.00",£45.00,£720.00,20%,£144.00,"£1,048.00",36.30%,£328.00,11.40%,24.90%
07/08/2025,635,Dave,Bristol,Pending,Acme Corporation,C001,Events Outreach,P002,Server Key,£150.00,1,£150.00,7%,£139.50,20%,£27.90,£167.40,£80.00,£80.00, £-   , £-   ,0%, £-   ,£59.50,42.70%,£59.50,42.70%,0.00%
07/09/2025,75,Daniel,Bristol,Paid,Comet Corporation,C016,Referral,P002,Server Key,£150.00,1,£150.00,3%,£145.50,20%,£29.10,£174.60,£80.00,£80.00, £-   , £-   ,0%, £-   ,£65.50,45.00%,£65.50,45.00%,0.00%
07/09/2025,78,Mark,Bristol,Shipping,Orion Enterprises,C015,SEO,P010,Standing Desk,£530.00,12,"£6,360.00",8%,"£5,851.20",20%,"£1,170.24","£7,021.44",£360.00,"£4,320.00",£60.00,£720.00,20%,£144.00,"£1,531.20",26.20%,£811.20,13.90%,12.30%
07/09/2025,387,Daniel,Manchester,Pending,Galactic Enterprises,C003,SEO,P006,Monitor Stand,£40.00,1,£40.00,7%,£37.20,20%,£7.44,£44.64,£24.00,£24.00,£7.00,£7.00,20%,£1.40,£13.20,35.50%,£6.20,16.70%,18.80%
07/10/2025,778,Sarah,Newcastle,Paid,Mercury Industries,C023,SEO,P006,Monitor Stand,£40.00,17,£680.00,5%,£646.00,20%,£129.20,£775.20,£24.00,£408.00,£7.00,£119.00,20%,£23.80,£238.00,36.80%,£119.00,18.40%,18.40%
07/10/2025,980,Dave,Leeds,Pending,Starlight Industries,C002,Referral,P004,Data Storage Device,£70.00,1,£70.00,6%,£65.80,20%,£13.16,£78.96,£30.00,£30.00,£8.00,£8.00,20%,£1.60,£35.80,54.40%,£27.80,42.20%,12.20%
07/11/2025,47,Lisa,Manchester,Paid,Starlight Industries,C002,Referral,P010,Standing Desk,£530.00,20,"£10,600.00",8%,"£9,752.00",20%,"£1,950.40","£11,702.40",£360.00,"£7,200.00",£60.00,"£1,200.00",20%,£240.00,"£2,552.00",26.20%,"£1,352.00",13.90%,12.30%
07/11/2025,401,Lisa,Birmingham,Paid,Mercury Industries,C023,Content Outreach,P006,Monitor Stand,£40.00,8,£320.00,6%,£300.80,20%,£60.16,£360.96,£24.00,£192.00,£7.00,£56.00,20%,£11.20,£108.80,36.20%,£52.80,17.60%,18.60%
07/11/2025,446,Lucas,Nottingham,Pending,Venus Ventures,C024,Referral,P006,Monitor Stand,£40.00,4,£160.00,1%,£158.40,20%,£31.68,£190.08,£24.00,£96.00,£7.00,£28.00,20%,£5.60,£62.40,39.40%,£34.40,21.70%,17.70%
07/11/2025,587,Sarah,London,Pending,Supernova Solutions,C014,Referral,P002,Server Key,£150.00,14,"£2,100.00",6%,"£1,974.00",20%,£394.80,"£2,368.80",£80.00,"£1,120.00", £-   , £-   ,0%, £-   ,£854.00,43.30%,£854.00,43.30%,0.00%
07/12/2025,258,Daniel,Liverpool,Shipping,Interstellar Enterprises,C019,Events Outreach,P010,Standing Desk,£530.00,7,"£3,710.00",3%,"£3,598.70",20%,£719.74,"£4,318.44",£360.00,"£2,520.00",£60.00,£420.00,20%,£84.00,"£1,078.70",30.00%,£658.70,18.30%,11.70%
07/12/2025,460,Dave,Liverpool,Pending,Interstellar Enterprises,C019,SEO,P006,Monitor Stand,£40.00,11,£440.00,4%,£422.40,20%,£84.48,£506.88,£24.00,£264.00,£7.00,£77.00,20%,£15.40,£158.40,37.50%,£81.40,19.30%,18.20%
07/12/2025,641,Sarah,Leeds,Pending,Solar Solutions,C011,SEO,P010,Standing Desk,£530.00,15,"£7,950.00",5%,"£7,552.50",20%,"£1,510.50","£9,063.00",£360.00,"£5,400.00",£60.00,£900.00,20%,£180.00,"£2,152.50",28.50%,"£1,252.50",16.60%,11.90%
08/01/2025,256,Daniel,Sheffield,Pending,Saturn Solutions,C022,SEO,P006,Monitor Stand,£40.00,3,£120.00,5%,£114.00,20%,£22.80,£136.80,£24.00,£72.00,£7.00,£21.00,20%,£4.20,£42.00,36.80%,£21.00,18.40%,18.40%
08/01/2025,456,Sarah,Nottingham,Pending,Mars Enterprises,C025,Events Outreach,P008,Cable Management Tray,£20.00,4,£80.00,4%,£76.80,20%,£15.36,£92.16,£12.00,£48.00,£6.00,£24.00,20%,£4.80,£28.80,37.50%,£4.80,6.30%,31.20%
08/01/2025,479,Sarah,Sheffield,Pending,Mercury Industries,C023,SEO,P002,Server Key,£150.00,6,£900.00,5%,£855.00,20%,£171.00,"£1,026.00",£80.00,£480.00, £-   , £-   ,0%, £-   ,£375.00,43.90%,£375.00,43.90%,0.00%
08/02/2025,8,Alexandra,Manchester,Pending,Orion Enterprises,C015,Content Outreach,P005,Software License,£200.00,15,"£3,000.00",5%,"£2,850.00",20%,£570.00,"£3,420.00",£110.00,"£1,650.00", £-   , £-   ,0%, £-   ,"£1,200.00",42.10%,"£1,200.00",42.10%,0.00%
08/02/2025,50,Dave,Newcastle,Paid,Supernova Solutions,C014,Referral,P009,Ergonomic Chair,£190.00,7,"£1,330.00",6%,"£1,250.20",20%,£250.04,"£1,500.24",£115.00,£805.00,£45.00,£315.00,20%,£63.00,£445.20,35.60%,£130.20,10.40%,25.20%
08/02/2025,369,Dave,Sheffield,Shipping,Lunar Labs,C012,Referral,P006,Monitor Stand,£40.00,3,£120.00,5%,£114.00,20%,£22.80,£136.80,£24.00,£72.00,£7.00,£21.00,20%,£4.20,£42.00,36.80%,£21.00,18.40%,18.40%
08/03/2025,750,Jack,London,Shipping,Solar Solutions,C011,SEO,P006,Monitor Stand,£40.00,8,£320.00,8%,£294.40,20%,£58.88,£353.28,£24.00,£192.00,£7.00,£56.00,20%,£11.20,£102.40,34.80%,£46.40,15.80%,19.00%
08/04/2025,663,Lisa,London,Pending,Saturn Solutions,C022,Social Media Outreach,P008,Cable Management Tray,£20.00,5,£100.00,1%,£99.00,20%,£19.80,£118.80,£12.00,£60.00,£6.00,£30.00,20%,£6.00,£39.00,39.40%,£9.00,9.10%,30.30%
08/05/2025,390,Dave,Brighton,Pending,Saturn Solutions,C022,Content Outreach,P005,Software License,£200.00,17,"£3,400.00",8%,"£3,128.00",20%,£625.60,"£3,753.60",£110.00,"£1,870.00", £-   , £-   ,0%, £-   ,"£1,258.00",40.20%,"£1,258.00",40.20%,0.00%
08/05/2025,809,Jack,Liverpool,Paid,Moonbeam Innovations,C005,Referral,P007,Keyboard Tray,£25.00,17,£425.00,5%,£403.75,20%,£80.75,£484.50,£14.00,£238.00,£7.00,£119.00,20%,£23.80,£165.75,41.10%,£46.75,11.60%,29.50%
08/05/2025,943,Sarah,Brighton,Paid,Stellar Systems,C006,SEO,P004,Data Storage Device,£70.00,6,£420.00,3%,£407.40,20%,£81.48,£488.88,£30.00,£180.00,£8.00,£48.00,20%,£9.60,£227.40,55.80%,£179.40,44.00%,11.80%
08/06/2025,83,Dave,Newcastle,Paid,Nova Innovations,C018,Content Outreach,P005,Software License,£200.00,5,"£1,000.00",5%,£950.00,20%,£190.00,"£1,140.00",£110.00,£550.00, £-   , £-   ,0%, £-   ,£400.00,42.10%,£400.00,42.10%,0.00%
08/06/2025,293,Alexandra,Brighton,Paid,Stellar Systems,C006,Website,P005,Software License,£200.00,12,"£2,400.00",5%,"£2,280.00",20%,£456.00,"£2,736.00",£110.00,"£1,320.00", £-   , £-   ,0%, £-   ,£960.00,42.10%,£960.00,42.10%,0.00%
08/06/2025,344,Dave,Brighton,Shipping,Venus Ventures,C024,SEO,P002,Server Key,£150.00,18,"£2,700.00",5%,"£2,565.00",20%,£513.00,"£3,078.00",£80.00,"£1,440.00", £-   , £-   ,0%, £-   ,"£1,125.00",43.90%,"£1,125.00",43.90%,0.00%
08/07/2025,673,Mark,Sheffield,Pending,Stellar Systems,C006,Referral,P009,Ergonomic Chair,£190.00,6,"£1,140.00",4%,"£1,094.40",20%,£218.88,"£1,313.28",£115.00,£690.00,£45.00,£270.00,20%,£54.00,£404.40,37.00%,£134.40,12.30%,24.70%
08/08/2025,189,Jack,London,Shipping,Mars Enterprises,C025,Events Outreach,P010,Standing Desk,£530.00,2,"£1,060.00",5%,"£1,007.00",20%,£201.40,"£1,208.40",£360.00,£720.00,£60.00,£120.00,20%,£24.00,£287.00,28.50%,£167.00,16.60%,11.90%
08/08/2025,511,Lisa,Bristol,Shipping,Lunar Labs,C012,SEO,P004,Data Storage Device,£70.00,15,"£1,050.00",7%,£976.50,20%,£195.30,"£1,171.80",£30.00,£450.00,£8.00,£120.00,20%,£24.00,£526.50,53.90%,£406.50,41.60%,12.30%
08/09/2025,966,Jack,Brighton,Pending,Moonbeam Innovations,C005,Referral,P007,Keyboard Tray,£25.00,8,£200.00,12%,£176.00,20%,£35.20,£211.20,£14.00,£112.00,£7.00,£56.00,20%,£11.20,£64.00,36.40%,£8.00,4.50%,31.90%
08/10/2025,892,Dave,Nottingham,Pending,Interstellar Enterprises,C019,Social Media Outreach,P008,Cable Management Tray,£20.00,13,£260.00,2%,£254.80,20%,£50.96,£305.76,£12.00,£156.00,£6.00,£78.00,20%,£15.60,£98.80,38.80%,£20.80,8.20%,30.60%
08/11/2025,239,Daniel,Sheffield,Paid,Comet Corporation,C016,Social Media Outreach,P010,Standing Desk,£530.00,9,"£4,770.00",4%,"£4,579.20",20%,£915.84,"£5,495.04",£360.00,"£3,240.00",£60.00,£540.00,20%,£108.00,"£1,339.20",29.20%,£799.20,17.50%,11.70%
08/11/2025,311,Lisa,Brighton,Paid,Nebula Technologies,C007,Content Outreach,P004,Data Storage Device,£70.00,15,"£1,050.00",2%,"£1,029.00",20%,£205.80,"£1,234.80",£30.00,£450.00,£8.00,£120.00,20%,£24.00,£579.00,56.30%,£459.00,44.60%,11.70%
08/11/2025,414,Lisa,Birmingham,Paid,Mercury Industries,C023,Social Media Outreach,P009,Ergonomic Chair,£190.00,20,"£3,800.00",2%,"£3,724.00",20%,£744.80,"£4,468.80",£115.00,"£2,300.00",£45.00,£900.00,20%,£180.00,"£1,424.00",38.20%,£524.00,14.10%,24.10%
08/11/2025,430,Dave,Birmingham,Shipping,Celestial Industries,C013,Content Outreach,P006,Monitor Stand,£40.00,6,£240.00,3%,£232.80,20%,£46.56,£279.36,£24.00,£144.00,£7.00,£42.00,20%,£8.40,£88.80,38.10%,£46.80,20.10%,18.00%
08/11/2025,627,Lisa,London,Paid,Venus Ventures,C024,Events Outreach,P007,Keyboard Tray,£25.00,17,£425.00,10%,£382.50,20%,£76.50,£459.00,£14.00,£238.00,£7.00,£119.00,20%,£23.80,£144.50,37.80%,£25.50,6.70%,31.10%
08/11/2025,846,Mark,Liverpool,Paid,Moonbeam Innovations,C005,SEO,P004,Data Storage Device,£70.00,7,£490.00,3%,£475.30,20%,£95.06,£570.36,£30.00,£210.00,£8.00,£56.00,20%,£11.20,£265.30,55.80%,£209.30,44.00%,11.80%
08/12/2025,208,Mark,Nottingham,Paid,Mercury Industries,C023,SEO,P008,Cable Management Tray,£20.00,8,£160.00,4%,£153.60,20%,£30.72,£184.32,£12.00,£96.00,£6.00,£48.00,20%,£9.60,£57.60,37.50%,£9.60,6.30%,31.20%
08/12/2025,528,Lucas,Birmingham,Shipping,Moonbeam Innovations,C005,Content Outreach,P007,Keyboard Tray,£25.00,8,£200.00,2%,£196.00,20%,£39.20,£235.20,£14.00,£112.00,£7.00,£56.00,20%,£11.20,£84.00,42.90%,£28.00,14.30%,28.60%
09/01/2025,216,Lisa,Bristol,Shipping,Saturn Solutions,C022,Social Media Outreach,P004,Data Storage Device,£70.00,14,£980.00,6%,£921.20,20%,£184.24,"£1,105.44",£30.00,£420.00,£8.00,£112.00,20%,£22.40,£501.20,54.40%,£389.20,42.20%,12.20%
09/02/2025,480,Lisa,Newcastle,Paid,Comet Corporation,C016,SEO,P006,Monitor Stand,£40.00,4,£160.00,7%,£148.80,20%,£29.76,£178.56,£24.00,£96.00,£7.00,£28.00,20%,£5.60,£52.80,35.50%,£24.80,16.70%,18.80%
09/02/2025,492,Lucas,Newcastle,Paid,Venus Ventures,C024,SEO,P006,Monitor Stand,£40.00,16,£640.00,3%,£620.80,20%,£124.16,£744.96,£24.00,£384.00,£7.00,£112.00,20%,£22.40,£236.80,38.10%,£124.80,20.10%,18.00%
09/02/2025,603,Dave,Bristol,Paid,Sunrise Solutions,C004,Content Outreach,P001,Laptop,£220.00,5,"£1,100.00",5%,"£1,045.00",20%,£209.00,"£1,254.00",£140.00,£700.00,£15.00,£75.00,20%,£15.00,£345.00,33.00%,£270.00,25.80%,7.20%
09/02/2025,819,Alexandra,Newcastle,Pending,Solar Solutions,C011,Website,P009,Ergonomic Chair,£190.00,4,£760.00,3%,£737.20,20%,£147.44,£884.64,£115.00,£460.00,£45.00,£180.00,20%,£36.00,£277.20,37.60%,£97.20,13.20%,24.40%
09/03/2025,73,Lisa,Leeds,Paid,AstroTech,C017,Content Outreach,P010,Standing Desk,£530.00,4,"£2,120.00",2%,"£2,077.60",20%,£415.52,"£2,493.12",£360.00,"£1,440.00",£60.00,£240.00,20%,£48.00,£637.60,30.70%,£397.60,19.10%,11.60%
09/03/2025,102,Sarah,Sheffield,Pending,Orion Enterprises,C015,Social Media Outreach,P001,Laptop,£220.00,7,"£1,540.00",3%,"£1,493.80",20%,£298.76,"£1,792.56",£140.00,£980.00,£15.00,£105.00,20%,£21.00,£513.80,34.40%,£408.80,27.40%,7.00%
09/03/2025,116,Dave,Bristol,Paid,Comet Corporation,C016,Referral,P004,Data Storage Device,£70.00,3,£210.00,9%,£191.10,20%,£38.22,£229.32,£30.00,£90.00,£8.00,£24.00,20%,£4.80,£101.10,52.90%,£77.10,40.30%,12.60%
09/03/2025,130,Jack,Birmingham,Paid,Solar Solutions,C011,SEO,P006,Monitor Stand,£40.00,8,£320.00,8%,£294.40,20%,£58.88,£353.28,£24.00,£192.00,£7.00,£56.00,20%,£11.20,£102.40,34.80%,£46.40,15.80%,19.00%
09/03/2025,601,Alexandra,Manchester,Pending,Comet Corporation,C016,Referral,P006,Monitor Stand,£40.00,3,£120.00,1%,£118.80,20%,£23.76,£142.56,£24.00,£72.00,£7.00,£21.00,20%,£4.20,£46.80,39.40%,£25.80,21.70%,17.70%
09/03/2025,669,Dave,Nottingham,Shipping,Lunar Labs,C012,Content Outreach,P008,Cable Management Tray,£20.00,12,£240.00,8%,£220.80,20%,£44.16,£264.96,£12.00,£144.00,£6.00,£72.00,20%,£14.40,£76.80,34.80%,£4.80,2.20%,32.60%
09/03/2025,820,Lucas,Birmingham,Shipping,Nebula Technologies,C007,SEO,P001,Laptop,£220.00,2,£440.00,5%,£418.00,20%,£83.60,£501.60,£140.00,£280.00,£15.00,£30.00,20%,£6.00,£138.00,33.00%,£108.00,25.80%,7.20%
09/04/2025,124,Alexandra,Newcastle,Pending,Lunar Labs,C012,Content Outreach,P009,Ergonomic Chair,£190.00,15,"£2,850.00",7%,"£2,650.50",20%,£530.10,"£3,180.60",£115.00,"£1,725.00",£45.00,£675.00,20%,£135.00,£925.50,34.90%,£250.50,9.50%,25.40%
09/04/2025,134,Jack,Manchester,Pending,Nebula Technologies,C007,Referral,P009,Ergonomic Chair,£190.00,4,£760.00,3%,£737.20,20%,£147.44,£884.64,£115.00,£460.00,£45.00,£180.00,20%,£36.00,£277.20,37.60%,£97.20,13.20%,24.40%
09/04/2025,162,Alexandra,Birmingham,Paid,Planetary Partners,C021,Website,P001,Laptop,£220.00,20,"£4,400.00",10%,"£3,960.00",20%,£792.00,"£4,752.00",£140.00,"£2,800.00",£15.00,£300.00,20%,£60.00,"£1,160.00",29.30%,£860.00,21.70%,7.60%
09/04/2025,570,Sarah,Sheffield,Pending,Aurora Enterprises,C010,SEO,P006,Monitor Stand,£40.00,11,£440.00,1%,£435.60,20%,£87.12,£522.72,£24.00,£264.00,£7.00,£77.00,20%,£15.40,£171.60,39.40%,£94.60,21.70%,17.70%
09/04/2025,974,Mark,Nottingham,Paid,Solar Solutions,C011,Events Outreach,P008,Cable Management Tray,£20.00,13,£260.00,3%,£252.20,20%,£50.44,£302.64,£12.00,£156.00,£6.00,£78.00,20%,£15.60,£96.20,38.10%,£18.20,7.20%,30.90%
09/05/2025,300,Daniel,Bristol,Shipping,Sunrise Solutions,C004,Social Media Outreach,P007,Keyboard Tray,£25.00,17,£425.00,5%,£403.75,20%,£80.75,£484.50,£14.00,£238.00,£7.00,£119.00,20%,£23.80,£165.75,41.10%,£46.75,11.60%,29.50%
09/05/2025,702,Daniel,Leeds,Pending,Cosmos Creations,C020,Website,P006,Monitor Stand,£40.00,2,£80.00,5%,£76.00,20%,£15.20,£91.20,£24.00,£48.00,£7.00,£14.00,20%,£2.80,£28.00,36.80%,£14.00,18.40%,18.40%
09/06/2025,110,Sarah,Sheffield,Pending,Stellar Systems,C006,Website,P006,Monitor Stand,£40.00,10,£400.00,7%,£372.00,20%,£74.40,£446.40,£24.00,£240.00,£7.00,£70.00,20%,£14.00,£132.00,35.50%,£62.00,16.70%,18.80%
09/06/2025,454,Mark,Nottingham,Paid,Lunar Labs,C012,SEO,P006,Monitor Stand,£40.00,15,£600.00,5%,£570.00,20%,£114.00,£684.00,£24.00,£360.00,£7.00,£105.00,20%,£21.00,£210.00,36.80%,£105.00,18.40%,18.40%
09/06/2025,518,Mark,Birmingham,Pending,Cosmic Creations,C008,Content Outreach,P009,Ergonomic Chair,£190.00,18,"£3,420.00",4%,"£3,283.20",20%,£656.64,"£3,939.84",£115.00,"£2,070.00",£45.00,£810.00,20%,£162.00,"£1,213.20",37.00%,£403.20,12.30%,24.70%
09/06/2025,624,Alexandra,Liverpool,Paid,Nova Innovations,C018,Referral,P001,Laptop,£220.00,4,£880.00,10%,£792.00,20%,£158.40,£950.40,£140.00,£560.00,£15.00,£60.00,20%,£12.00,£232.00,29.30%,£172.00,21.70%,7.60%
09/06/2025,853,Jack,Sheffield,Paid,Cosmos Creations,C020,Website,P006,Monitor Stand,£40.00,11,£440.00,8%,£404.80,20%,£80.96,£485.76,£24.00,£264.00,£7.00,£77.00,20%,£15.40,£140.80,34.80%,£63.80,15.80%,19.00%
09/07/2025,384,Lisa,Manchester,Pending,Celestial Industries,C013,Events Outreach,P005,Software License,£200.00,4,£800.00,1%,£792.00,20%,£158.40,£950.40,£110.00,£440.00, £-   , £-   ,0%, £-   ,£352.00,44.40%,£352.00,44.40%,0.00%
09/07/2025,504,Alexandra,Birmingham,Pending,Nebula Technologies,C007,Events Outreach,P008,Cable Management Tray,£20.00,12,£240.00,5%,£228.00,20%,£45.60,£273.60,£12.00,£144.00,£6.00,£72.00,20%,£14.40,£84.00,36.80%,£12.00,5.30%,31.50%
09/07/2025,632,Sarah,Liverpool,Pending,Mars Enterprises,C025,SEO,P008,Cable Management Tray,£20.00,3,£60.00,1%,£59.40,20%,£11.88,£71.28,£12.00,£36.00,£6.00,£18.00,20%,£3.60,£23.40,39.40%,£5.40,9.10%,30.30%
09/07/2025,868,Dave,Bristol,Pending,AstroTech,C017,SEO,P004,Data Storage Device,£70.00,12,£840.00,7%,£781.20,20%,£156.24,£937.44,£30.00,£360.00,£8.00,£96.00,20%,£19.20,£421.20,53.90%,£325.20,41.60%,12.30%
09/08/2025,530,Dave,Brighton,Shipping,Sunrise Solutions,C004,SEO,P002,Server Key,£150.00,16,"£2,400.00",5%,"£2,280.00",20%,£456.00,"£2,736.00",£80.00,"£1,280.00", £-   , £-   ,0%, £-   ,"£1,000.00",43.90%,"£1,000.00",43.90%,0.00%
09/09/2025,115,Mark,Birmingham,Shipping,Orion Enterprises,C015,Referral,P007,Keyboard Tray,£25.00,14,£350.00,4%,£336.00,20%,£67.20,£403.20,£14.00,£196.00,£7.00,£98.00,20%,£19.60,£140.00,41.70%,£42.00,12.50%,29.20%
09/09/2025,371,Mark,Birmingham,Pending,Celestial Industries,C013,Referral,P003,Network Switch,£130.00,4,£520.00,6%,£488.80,20%,£97.76,£586.56,£72.00,£288.00,£8.00,£32.00,20%,£6.40,£200.80,41.10%,£168.80,34.50%,6.60%
09/09/2025,618,Sarah,Birmingham,Pending,AstroTech,C017,Content Outreach,P004,Data Storage Device,£70.00,8,£560.00,6%,£526.40,20%,£105.28,£631.68,£30.00,£240.00,£8.00,£64.00,20%,£12.80,£286.40,54.40%,£222.40,42.20%,12.20%
09/09/2025,665,Sarah,Manchester,Shipping,Sunrise Solutions,C004,Content Outreach,P008,Cable Management Tray,£20.00,18,£360.00,5%,£342.00,20%,£68.40,£410.40,£12.00,£216.00,£6.00,£108.00,20%,£21.60,£126.00,36.80%,£18.00,5.30%,31.50%
09/10/2025,43,Lucas,Brighton,Pending,Celestial Industries,C013,Referral,P001,Laptop,£220.00,17,"£3,740.00",1%,"£3,702.60",20%,£740.52,"£4,443.12",£140.00,"£2,380.00",£15.00,£255.00,20%,£51.00,"£1,322.60",35.70%,"£1,067.60",28.80%,6.90%
09/10/2025,65,Lucas,Nottingham,Pending,Lunar Labs,C012,Events Outreach,P008,Cable Management Tray,£20.00,16,£320.00,5%,£304.00,20%,£60.80,£364.80,£12.00,£192.00,£6.00,£96.00,20%,£19.20,£112.00,36.80%,£16.00,5.30%,31.50%
09/10/2025,486,Alexandra,Sheffield,Shipping,Galactic Enterprises,C003,Referral,P007,Keyboard Tray,£25.00,11,£275.00,5%,£261.25,20%,£52.25,£313.50,£14.00,£154.00,£7.00,£77.00,20%,£15.40,£107.25,41.10%,£30.25,11.60%,29.50%
09/10/2025,882,Lucas,Manchester,Paid,Saturn Solutions,C022,Referral,P006,Monitor Stand,£40.00,1,£40.00,5%,£38.00,20%,£7.60,£45.60,£24.00,£24.00,£7.00,£7.00,20%,£1.40,£14.00,36.80%,£7.00,18.40%,18.40%
09/11/2025,232,Mark,Leeds,Shipping,Infinity Innovations,C009,Events Outreach,P006,Monitor Stand,£40.00,1,£40.00,7%,£37.20,20%,£7.44,£44.64,£24.00,£24.00,£7.00,£7.00,20%,£1.40,£13.20,35.50%,£6.20,16.70%,18.80%
09/12/2025,457,Sarah,London,Paid,Saturn Solutions,C022,Referral,P008,Cable Management Tray,£20.00,9,£180.00,9%,£163.80,20%,£32.76,£196.56,£12.00,£108.00,£6.00,£54.00,20%,£10.80,£55.80,34.10%,£1.80,1.10%,33.00%
10/01/2025,320,Alexandra,Brighton,Paid,Infinity Innovations,C009,Referral,P009,Ergonomic Chair,£190.00,19,"£3,610.00",3%,"£3,501.70",20%,£700.34,"£4,202.04",£115.00,"£2,185.00",£45.00,£855.00,20%,£171.00,"£1,316.70",37.60%,£461.70,13.20%,24.40%
10/01/2025,739,Lucas,Brighton,Paid,Stellar Systems,C006,Website,P002,Server Key,£150.00,3,£450.00,4%,£432.00,20%,£86.40,£518.40,£80.00,£240.00, £-   , £-   ,0%, £-   ,£192.00,44.40%,£192.00,44.40%,0.00%
10/01/2025,932,Sarah,Newcastle,Shipping,Mercury Industries,C023,Website,P002,Server Key,£150.00,1,£150.00,3%,£145.50,20%,£29.10,£174.60,£80.00,£80.00, £-   , £-   ,0%, £-   ,£65.50,45.00%,£65.50,45.00%,0.00%
10/02/2025,2,Jack,Birmingham,Pending,Starlight Industries,C002,Events Outreach,P004,Data Storage Device,£70.00,2,£140.00,3%,£135.80,20%,£27.16,£162.96,£30.00,£60.00,£8.00,£16.00,20%,£3.20,£75.80,55.80%,£59.80,44.00%,11.80%
10/02/2025,605,Mark,Newcastle,Pending,Celestial Industries,C013,Content Outreach,P010,Standing Desk,£530.00,4,"£2,120.00",8%,"£1,950.40",20%,£390.08,"£2,340.48",£360.00,"£1,440.00",£60.00,£240.00,20%,£48.00,£510.40,26.20%,£270.40,13.90%,12.30%
10/02/2025,629,Jack,Birmingham,Shipping,Venus Ventures,C024,Social Media Outreach,P007,Keyboard Tray,£25.00,2,£50.00,3%,£48.50,20%,£9.70,£58.20,£14.00,£28.00,£7.00,£14.00,20%,£2.80,£20.50,42.30%,£6.50,13.40%,28.90%
10/02/2025,701,Jack,Nottingham,Pending,Planetary Partners,C021,Content Outreach,P006,Monitor Stand,£40.00,20,£800.00,6%,£752.00,20%,£150.40,£902.40,£24.00,£480.00,£7.00,£140.00,20%,£28.00,£272.00,36.20%,£132.00,17.60%,18.60%
10/03/2025,268,Lucas,Brighton,Pending,Saturn Solutions,C022,SEO,P004,Data Storage Device,£70.00,10,£700.00,5%,£665.00,20%,£133.00,£798.00,£30.00,£300.00,£8.00,£80.00,20%,£16.00,£365.00,54.90%,£285.00,42.90%,12.00%
10/03/2025,576,Daniel,Leeds,Pending,Comet Corporation,C016,Content Outreach,P003,Network Switch,£130.00,4,£520.00,8%,£478.40,20%,£95.68,£574.08,£72.00,£288.00,£8.00,£32.00,20%,£6.40,£190.40,39.80%,£158.40,33.10%,6.70%
10/04/2025,366,Sarah,Bristol,Paid,Mercury Industries,C023,Website,P001,Laptop,£220.00,14,"£3,080.00",10%,"£2,772.00",20%,£554.40,"£3,326.40",£140.00,"£1,960.00",£15.00,£210.00,20%,£42.00,£812.00,29.30%,£602.00,21.70%,7.60%
10/04/2025,638,Jack,Bristol,Paid,Cosmos Creations,C020,Events Outreach,P006,Monitor Stand,£40.00,14,£560.00,8%,£515.20,20%,£103.04,£618.24,£24.00,£336.00,£7.00,£98.00,20%,£19.60,£179.20,34.80%,£81.20,15.80%,19.00%
10/04/2025,928,Lucas,Sheffield,Paid,Aurora Enterprises,C010,SEO,P006,Monitor Stand,£40.00,8,£320.00,6%,£300.80,20%,£60.16,£360.96,£24.00,£192.00,£7.00,£56.00,20%,£11.20,£108.80,36.20%,£52.80,17.60%,18.60%
10/05/2025,64,Lucas,Nottingham,Shipping,Comet Corporation,C016,Content Outreach,P001,Laptop,£220.00,14,"£3,080.00",3%,"£2,987.60",20%,£597.52,"£3,585.12",£140.00,"£1,960.00",£15.00,£210.00,20%,£42.00,"£1,027.60",34.40%,£817.60,27.40%,7.00%
10/05/2025,252,Lucas,Leeds,Paid,Solar Solutions,C011,SEO,P001,Laptop,£220.00,17,"£3,740.00",10%,"£3,366.00",20%,£673.20,"£4,039.20",£140.00,"£2,380.00",£15.00,£255.00,20%,£51.00,£986.00,29.30%,£731.00,21.70%,7.60%
10/05/2025,850,Jack,Manchester,Paid,Mars Enterprises,C025,Website,P005,Software License,£200.00,14,"£2,800.00",3%,"£2,716.00",20%,£543.20,"£3,259.20",£110.00,"£1,540.00", £-   , £-   ,0%, £-   ,"£1,176.00",43.30%,"£1,176.00",43.30%,0.00%
10/05/2025,862,Jack,Birmingham,Pending,Lunar Labs,C012,Content Outreach,P008,Cable Management Tray,£20.00,20,£400.00,10%,£360.00,20%,£72.00,£432.00,£12.00,£240.00,£6.00,£120.00,20%,£24.00,£120.00,33.30%, £-   ,0.00%,33.30%
10/06/2025,227,Daniel,London,Shipping,Nova Innovations,C018,Social Media Outreach,P006,Monitor Stand,£40.00,9,£360.00,3%,£349.20,20%,£69.84,£419.04,£24.00,£216.00,£7.00,£63.00,20%,£12.60,£133.20,38.10%,£70.20,20.10%,18.00%
10/06/2025,355,Mark,Birmingham,Paid,Cosmic Creations,C008,SEO,P006,Monitor Stand,£40.00,3,£120.00,5%,£114.00,20%,£22.80,£136.80,£24.00,£72.00,£7.00,£21.00,20%,£4.20,£42.00,36.80%,£21.00,18.40%,18.40%
10/06/2025,697,Jack,Nottingham,Pending,Mars Enterprises,C025,Referral,P010,Standing Desk,£530.00,10,"£5,300.00",7%,"£4,929.00",20%,£985.80,"£5,914.80",£360.00,"£3,600.00",£60.00,£600.00,20%,£120.00,"£1,329.00",27.00%,£729.00,14.80%,12.20%
10/06/2025,821,Lisa,Newcastle,Pending,Mercury Industries,C023,Referral,P007,Keyboard Tray,£25.00,19,£475.00,7%,£441.75,20%,£88.35,£530.10,£14.00,£266.00,£7.00,£133.00,20%,£26.60,£175.75,39.80%,£42.75,9.70%,30.10%
10/07/2025,119,Lisa,Leeds,Paid,Starlight Industries,C002,SEO,P001,Laptop,£220.00,1,£220.00,4%,£211.20,20%,£42.24,£253.44,£140.00,£140.00,£15.00,£15.00,20%,£3.00,£71.20,33.70%,£56.20,26.60%,7.10%
10/07/2025,406,Alexandra,Newcastle,Paid,Solar Solutions,C011,SEO,P007,Keyboard Tray,£25.00,20,£500.00,5%,£475.00,20%,£95.00,£570.00,£14.00,£280.00,£7.00,£140.00,20%,£28.00,£195.00,41.10%,£55.00,11.60%,29.50%
10/07/2025,657,Lucas,Leeds,Pending,Cosmos Creations,C020,SEO,P003,Network Switch,£130.00,20,"£2,600.00",8%,"£2,392.00",20%,£478.40,"£2,870.40",£72.00,"£1,440.00",£8.00,£160.00,20%,£32.00,£952.00,39.80%,£792.00,33.10%,6.70%
10/07/2025,921,Daniel,Sheffield,Shipping,AstroTech,C017,Events Outreach,P003,Network Switch,£130.00,16,"£2,080.00",4%,"£1,996.80",20%,£399.36,"£2,396.16",£72.00,"£1,152.00",£8.00,£128.00,20%,£25.60,£844.80,42.30%,£716.80,35.90%,6.40%
10/07/2025,969,Mark,Manchester,Paid,Planetary Partners,C021,Social Media Outreach,P006,Monitor Stand,£40.00,11,£440.00,5%,£418.00,20%,£83.60,£501.60,£24.00,£264.00,£7.00,£77.00,20%,£15.40,£154.00,36.80%,£77.00,18.40%,18.40%
10/08/2025,28,Mark,Newcastle,Shipping,Orion Enterprises,C015,Content Outreach,P005,Software License,£200.00,1,£200.00,5%,£190.00,20%,£38.00,£228.00,£110.00,£110.00, £-   , £-   ,0%, £-   ,£80.00,42.10%,£80.00,42.10%,0.00%
10/08/2025,248,Dave,Sheffield,Shipping,Acme Corporation,C001,SEO,P001,Laptop,£220.00,14,"£3,080.00",7%,"£2,864.40",20%,£572.88,"£3,437.28",£140.00,"£1,960.00",£15.00,£210.00,20%,£42.00,£904.40,31.60%,£694.40,24.20%,7.40%
10/08/2025,333,Dave,Bristol,Pending,Infinity Innovations,C009,SEO,P008,Cable Management Tray,£20.00,3,£60.00,9%,£54.60,20%,£10.92,£65.52,£12.00,£36.00,£6.00,£18.00,20%,£3.60,£18.60,34.10%,£0.60,1.10%,33.00%
10/08/2025,449,Jack,Liverpool,Shipping,AstroTech,C017,SEO,P005,Software License,£200.00,6,"£1,200.00",7%,"£1,116.00",20%,£223.20,"£1,339.20",£110.00,£660.00, £-   , £-   ,0%, £-   ,£456.00,40.90%,£456.00,40.90%,0.00%
10/08/2025,726,Sarah,Liverpool,Shipping,Infinity Innovations,C009,Social Media Outreach,P003,Network Switch,£130.00,18,"£2,340.00",3%,"£2,269.80",20%,£453.96,"£2,723.76",£72.00,"£1,296.00",£8.00,£144.00,20%,£28.80,£973.80,42.90%,£829.80,36.60%,6.30%
10/09/2025,352,Jack,Bristol,Paid,Planetary Partners,C021,Referral,P003,Network Switch,£130.00,6,£780.00,2%,£764.40,20%,£152.88,£917.28,£72.00,£432.00,£8.00,£48.00,20%,£9.60,£332.40,43.50%,£284.40,37.20%,6.30%
10/09/2025,435,Dave,Liverpool,Shipping,Celestial Industries,C013,Content Outreach,P007,Keyboard Tray,£25.00,3,£75.00,2%,£73.50,20%,£14.70,£88.20,£14.00,£42.00,£7.00,£21.00,20%,£4.20,£31.50,42.90%,£10.50,14.30%,28.60%
10/09/2025,827,Mark,London,Shipping,Saturn Solutions,C022,Website,P006,Monitor Stand,£40.00,18,£720.00,5%,£684.00,20%,£136.80,£820.80,£24.00,£432.00,£7.00,£126.00,20%,£25.20,£252.00,36.80%,£126.00,18.40%,18.40%
10/10/2025,242,Sarah,Brighton,Paid,Interstellar Enterprises,C019,Content Outreach,P008,Cable Management Tray,£20.00,6,£120.00,10%,£108.00,20%,£21.60,£129.60,£12.00,£72.00,£6.00,£36.00,20%,£7.20,£36.00,33.30%, £-   ,0.00%,33.30%
10/10/2025,664,Lucas,Liverpool,Shipping,Celestial Industries,C013,SEO,P004,Data Storage Device,£70.00,9,£630.00,3%,£611.10,20%,£122.22,£733.32,£30.00,£270.00,£8.00,£72.00,20%,£14.40,£341.10,55.80%,£269.10,44.00%,11.80%
10/11/2025,212,Lisa,Brighton,Pending,Aurora Enterprises,C010,SEO,P007,Keyboard Tray,£25.00,16,£400.00,4%,£384.00,20%,£76.80,£460.80,£14.00,£224.00,£7.00,£112.00,20%,£22.40,£160.00,41.70%,£48.00,12.50%,29.20%
10/11/2025,883,Lisa,London,Paid,Stellar Systems,C006,Events Outreach,P002,Server Key,£150.00,2,£300.00,7%,£279.00,20%,£55.80,£334.80,£80.00,£160.00, £-   , £-   ,0%, £-   ,£119.00,42.70%,£119.00,42.70%,0.00%
10/11/2025,896,Dave,Nottingham,Paid,Nebula Technologies,C007,Referral,P001,Laptop,£220.00,6,"£1,320.00",5%,"£1,254.00",20%,£250.80,"£1,504.80",£140.00,£840.00,£15.00,£90.00,20%,£18.00,£414.00,33.00%,£324.00,25.80%,7.20%
10/12/2025,195,Lucas,London,Paid,Moonbeam Innovations,C005,SEO,P009,Ergonomic Chair,£190.00,7,"£1,330.00",3%,"£1,290.10",20%,£258.02,"£1,548.12",£115.00,£805.00,£45.00,£315.00,20%,£63.00,£485.10,37.60%,£170.10,13.20%,24.40%
10/12/2025,302,Lisa,Bristol,Paid,Sunrise Solutions,C004,Referral,P009,Ergonomic Chair,£190.00,14,"£2,660.00",9%,"£2,420.60",20%,£484.12,"£2,904.72",£115.00,"£1,610.00",£45.00,£630.00,20%,£126.00,£810.60,33.50%,£180.60,7.50%,26.00%
10/12/2025,785,Daniel,Birmingham,Shipping,Mars Enterprises,C025,SEO,P001,Laptop,£220.00,9,"£1,980.00",3%,"£1,920.60",20%,£384.12,"£2,304.72",£140.00,"£1,260.00",£15.00,£135.00,20%,£27.00,£660.60,34.40%,£525.60,27.40%,7.00%
10/12/2025,795,Lucas,Brighton,Pending,Acme Corporation,C001,Referral,P004,Data Storage Device,£70.00,20,"£1,400.00",5%,"£1,330.00",20%,£266.00,"£1,596.00",£30.00,£600.00,£8.00,£160.00,20%,£32.00,£730.00,54.90%,£570.00,42.90%,12.00%
10/12/2025,874,Lisa,Leeds,Paid,Planetary Partners,C021,SEO,P008,Cable Management Tray,£20.00,12,£240.00,8%,£220.80,20%,£44.16,£264.96,£12.00,£144.00,£6.00,£72.00,20%,£14.40,£76.80,34.80%,£4.80,2.20%,32.60%
11/01/2025,433,Jack,Birmingham,Pending,Nebula Technologies,C007,Events Outreach,P008,Cable Management Tray,£20.00,20,£400.00,6%,£376.00,20%,£75.20,£451.20,£12.00,£240.00,£6.00,£120.00,20%,£24.00,£136.00,36.20%,£16.00,4.30%,31.90%
11/02/2025,407,Lucas,Liverpool,Shipping,Venus Ventures,C024,SEO,P002,Server Key,£150.00,9,"£1,350.00",10%,"£1,215.00",20%,£243.00,"£1,458.00",£80.00,£720.00, £-   , £-   ,0%, £-   ,£495.00,40.70%,£495.00,40.70%,0.00%
11/02/2025,842,Daniel,Newcastle,Paid,Saturn Solutions,C022,SEO,P003,Network Switch,£130.00,4,£520.00,12%,£457.60,20%,£91.52,£549.12,£72.00,£288.00,£8.00,£32.00,20%,£6.40,£169.60,37.10%,£137.60,30.10%,7.00%
11/04/2025,170,Sarah,Brighton,Pending,Supernova Solutions,C014,Social Media Outreach,P008,Cable Management Tray,£20.00,15,£300.00,7%,£279.00,20%,£55.80,£334.80,£12.00,£180.00,£6.00,£90.00,20%,£18.00,£99.00,35.50%,£9.00,3.20%,32.30%
11/04/2025,358,Sarah,Bristol,Pending,Starlight Industries,C002,SEO,P002,Server Key,£150.00,5,£750.00,7%,£697.50,20%,£139.50,£837.00,£80.00,£400.00, £-   , £-   ,0%, £-   ,£297.50,42.70%,£297.50,42.70%,0.00%
11/04/2025,362,Mark,Brighton,Paid,Galactic Enterprises,C003,Referral,P009,Ergonomic Chair,£190.00,5,£950.00,5%,£902.50,20%,£180.50,"£1,083.00",£115.00,£575.00,£45.00,£225.00,20%,£45.00,£327.50,36.30%,£102.50,11.40%,24.90%
11/04/2025,983,Sarah,Bristol,Shipping,Comet Corporation,C016,SEO,P006,Monitor Stand,£40.00,18,£720.00,4%,£691.20,20%,£138.24,£829.44,£24.00,£432.00,£7.00,£126.00,20%,£25.20,£259.20,37.50%,£133.20,19.30%,18.20%
11/05/2025,453,Sarah,London,Pending,Starlight Industries,C002,Referral,P006,Monitor Stand,£40.00,9,£360.00,6%,£338.40,20%,£67.68,£406.08,£24.00,£216.00,£7.00,£63.00,20%,£12.60,£122.40,36.20%,£59.40,17.60%,18.60%
11/05/2025,695,Lucas,Nottingham,Shipping,Stellar Systems,C006,SEO,P006,Monitor Stand,£40.00,17,£680.00,3%,£659.60,20%,£131.92,£791.52,£24.00,£408.00,£7.00,£119.00,20%,£23.80,£251.60,38.10%,£132.60,20.10%,18.00%
11/06/2025,76,Dave,Liverpool,Pending,Cosmic Creations,C008,Referral,P007,Keyboard Tray,£25.00,2,£50.00,5%,£47.50,20%,£9.50,£57.00,£14.00,£28.00,£7.00,£14.00,20%,£2.80,£19.50,41.10%,£5.50,11.60%,29.50%
11/06/2025,762,Mark,Birmingham,Paid,Stellar Systems,C006,Content Outreach,P004,Data Storage Device,£70.00,7,£490.00,8%,£450.80,20%,£90.16,£540.96,£30.00,£210.00,£8.00,£56.00,20%,£11.20,£240.80,53.40%,£184.80,41.00%,12.40%
11/06/2025,865,Sarah,Sheffield,Pending,Sunrise Solutions,C004,Referral,P004,Data Storage Device,£70.00,3,£210.00,5%,£199.50,20%,£39.90,£239.40,£30.00,£90.00,£8.00,£24.00,20%,£4.80,£109.50,54.90%,£85.50,42.90%,12.00%
11/07/2025,269,Jack,Birmingham,Shipping,Interstellar Enterprises,C019,Website,P010,Standing Desk,£530.00,12,"£6,360.00",5%,"£6,042.00",20%,"£1,208.40","£7,250.40",£360.00,"£4,320.00",£60.00,£720.00,20%,£144.00,"£1,722.00",28.50%,"£1,002.00",16.60%,11.90%
11/07/2025,443,Lucas,Manchester,Paid,Moonbeam Innovations,C005,Referral,P007,Keyboard Tray,£25.00,16,£400.00,3%,£388.00,20%,£77.60,£465.60,£14.00,£224.00,£7.00,£112.00,20%,£22.40,£164.00,42.30%,£52.00,13.40%,28.90%
11/07/2025,552,Jack,Bristol,Pending,Infinity Innovations,C009,SEO,P006,Monitor Stand,£40.00,4,£160.00,10%,£144.00,20%,£28.80,£172.80,£24.00,£96.00,£7.00,£28.00,20%,£5.60,£48.00,33.30%,£20.00,13.90%,19.40%
11/08/2025,367,Lucas,Newcastle,Pending,Comet Corporation,C016,Referral,P003,Network Switch,£130.00,6,£780.00,4%,£748.80,20%,£149.76,£898.56,£72.00,£432.00,£8.00,£48.00,20%,£9.60,£316.80,42.30%,£268.80,35.90%,6.40%
11/08/2025,888,Daniel,Sheffield,Pending,Orion Enterprises,C015,SEO,P006,Monitor Stand,£40.00,3,£120.00,5%,£114.00,20%,£22.80,£136.80,£24.00,£72.00,£7.00,£21.00,20%,£4.20,£42.00,36.80%,£21.00,18.40%,18.40%
11/09/2025,776,Lisa,Birmingham,Shipping,Nova Innovations,C018,Referral,P004,Data Storage Device,£70.00,11,£770.00,2%,£754.60,20%,£150.92,£905.52,£30.00,£330.00,£8.00,£88.00,20%,£17.60,£424.60,56.30%,£336.60,44.60%,11.70%
11/09/2025,957,Sarah,Brighton,Pending,Mars Enterprises,C025,Referral,P004,Data Storage Device,£70.00,10,£700.00,3%,£679.00,20%,£135.80,£814.80,£30.00,£300.00,£8.00,£80.00,20%,£16.00,£379.00,55.80%,£299.00,44.00%,11.80%
11/10/2025,789,Jack,London,Shipping,Acme Corporation,C001,Events Outreach,P001,Laptop,£220.00,15,"£3,300.00",5%,"£3,135.00",20%,£627.00,"£3,762.00",£140.00,"£2,100.00",£15.00,£225.00,20%,£45.00,"£1,035.00",33.00%,£810.00,25.80%,7.20%
11/10/2025,812,Alexandra,London,Pending,Supernova Solutions,C014,Social Media Outreach,P007,Keyboard Tray,£25.00,15,£375.00,8%,£345.00,20%,£69.00,£414.00,£14.00,£210.00,£7.00,£105.00,20%,£21.00,£135.00,39.10%,£30.00,8.70%,30.40%
11/10/2025,938,Dave,Newcastle,Pending,Cosmic Creations,C008,SEO,P002,Server Key,£150.00,19,"£2,850.00",5%,"£2,707.50",20%,£541.50,"£3,249.00",£80.00,"£1,520.00", £-   , £-   ,0%, £-   ,"£1,187.50",43.90%,"£1,187.50",43.90%,0.00%
11/11/2025,151,Daniel,Leeds,Shipping,Infinity Innovations,C009,Content Outreach,P004,Data Storage Device,£70.00,6,£420.00,3%,£407.40,20%,£81.48,£488.88,£30.00,£180.00,£8.00,£48.00,20%,£9.60,£227.40,55.80%,£179.40,44.00%,11.80%
11/11/2025,604,Lucas,Birmingham,Shipping,Stellar Systems,C006,Referral,P001,Laptop,£220.00,9,"£1,980.00",7%,"£1,841.40",20%,£368.28,"£2,209.68",£140.00,"£1,260.00",£15.00,£135.00,20%,£27.00,£581.40,31.60%,£446.40,24.20%,7.40%
11/11/2025,878,Jack,Birmingham,Shipping,Solar Solutions,C011,Events Outreach,P002,Server Key,£150.00,2,£300.00,3%,£291.00,20%,£58.20,£349.20,£80.00,£160.00, £-   , £-   ,0%, £-   ,£131.00,45.00%,£131.00,45.00%,0.00%
11/11/2025,985,Dave,Brighton,Shipping,Stellar Systems,C006,Referral,P004,Data Storage Device,£70.00,10,£700.00,2%,£686.00,20%,£137.20,£823.20,£30.00,£300.00,£8.00,£80.00,20%,£16.00,£386.00,56.30%,£306.00,44.60%,11.70%
11/12/2025,707,Lucas,Brighton,Pending,Planetary Partners,C021,SEO,P005,Software License,£200.00,18,"£3,600.00",10%,"£3,240.00",20%,£648.00,"£3,888.00",£110.00,"£1,980.00", £-   , £-   ,0%, £-   ,"£1,260.00",38.90%,"£1,260.00",38.90%,0.00%
12/01/2025,154,Sarah,Leeds,Shipping,Starlight Industries,C002,Content Outreach,P003,Network Switch,£130.00,17,"£2,210.00",6%,"£2,077.40",20%,£415.48,"£2,492.88",£72.00,"£1,224.00",£8.00,£136.00,20%,£27.20,£853.40,41.10%,£717.40,34.50%,6.60%
12/01/2025,340,Jack,Newcastle,Pending,Aurora Enterprises,C010,Social Media Outreach,P008,Cable Management Tray,£20.00,14,£280.00,6%,£263.20,20%,£52.64,£315.84,£12.00,£168.00,£6.00,£84.00,20%,£16.80,£95.20,36.20%,£11.20,4.30%,31.90%
12/01/2025,939,Jack,Newcastle,Shipping,Interstellar Enterprises,C019,Content Outreach,P001,Laptop,£220.00,3,£660.00,3%,£640.20,20%,£128.04,£768.24,£140.00,£420.00,£15.00,£45.00,20%,£9.00,£220.20,34.40%,£175.20,27.40%,7.00%
12/02/2025,32,Lisa,Birmingham,Pending,Supernova Solutions,C014,SEO,P010,Standing Desk,£530.00,5,"£2,650.00",2%,"£2,597.00",20%,£519.40,"£3,116.40",£360.00,"£1,800.00",£60.00,£300.00,20%,£60.00,£797.00,30.70%,£497.00,19.10%,11.60%
12/02/2025,272,Lisa,Bristol,Shipping,Stellar Systems,C006,Social Media Outreach,P008,Cable Management Tray,£20.00,15,£300.00,2%,£294.00,20%,£58.80,£352.80,£12.00,£180.00,£6.00,£90.00,20%,£18.00,£114.00,38.80%,£24.00,8.20%,30.60%
12/02/2025,323,Lisa,Manchester,Pending,Interstellar Enterprises,C019,Website,P002,Server Key,£150.00,15,"£2,250.00",3%,"£2,182.50",20%,£436.50,"£2,619.00",£80.00,"£1,200.00", £-   , £-   ,0%, £-   ,£982.50,45.00%,£982.50,45.00%,0.00%
12/02/2025,377,Jack,Bristol,Paid,Orion Enterprises,C015,Content Outreach,P003,Network Switch,£130.00,7,£910.00,12%,£800.80,20%,£160.16,£960.96,£72.00,£504.00,£8.00,£56.00,20%,£11.20,£296.80,37.10%,£240.80,30.10%,7.00%
12/02/2025,523,Alexandra,Birmingham,Pending,Acme Corporation,C001,SEO,P008,Cable Management Tray,£20.00,13,£260.00,3%,£252.20,20%,£50.44,£302.64,£12.00,£156.00,£6.00,£78.00,20%,£15.60,£96.20,38.10%,£18.20,7.20%,30.90%
12/02/2025,649,Lisa,Nottingham,Shipping,Celestial Industries,C013,Referral,P006,Monitor Stand,£40.00,14,£560.00,6%,£526.40,20%,£105.28,£631.68,£24.00,£336.00,£7.00,£98.00,20%,£19.60,£190.40,36.20%,£92.40,17.60%,18.60%
12/03/2025,851,Lisa,Newcastle,Shipping,Orion Enterprises,C015,Referral,P009,Ergonomic Chair,£190.00,3,£570.00,5%,£541.50,20%,£108.30,£649.80,£115.00,£345.00,£45.00,£135.00,20%,£27.00,£196.50,36.30%,£61.50,11.40%,24.90%
12/03/2025,990,Lisa,Nottingham,Pending,Starlight Industries,C002,Social Media Outreach,P009,Ergonomic Chair,£190.00,16,"£3,040.00",6%,"£2,857.60",20%,£571.52,"£3,429.12",£115.00,"£1,840.00",£45.00,£720.00,20%,£144.00,"£1,017.60",35.60%,£297.60,10.40%,25.20%
12/04/2025,68,Sarah,Sheffield,Pending,Nova Innovations,C018,SEO,P006,Monitor Stand,£40.00,20,£800.00,8%,£736.00,20%,£147.20,£883.20,£24.00,£480.00,£7.00,£140.00,20%,£28.00,£256.00,34.80%,£116.00,15.80%,19.00%
12/04/2025,241,Daniel,Newcastle,Pending,Planetary Partners,C021,Events Outreach,P006,Monitor Stand,£40.00,3,£120.00,2%,£117.60,20%,£23.52,£141.12,£24.00,£72.00,£7.00,£21.00,20%,£4.20,£45.60,38.80%,£24.60,20.90%,17.90%
12/04/2025,661,Alexandra,Nottingham,Pending,Interstellar Enterprises,C019,Content Outreach,P004,Data Storage Device,£70.00,10,£700.00,3%,£679.00,20%,£135.80,£814.80,£30.00,£300.00,£8.00,£80.00,20%,£16.00,£379.00,55.80%,£299.00,44.00%,11.80%
12/05/2025,187,Mark,Bristol,Pending,Mercury Industries,C023,SEO,P001,Laptop,£220.00,16,"£3,520.00",2%,"£3,449.60",20%,£689.92,"£4,139.52",£140.00,"£2,240.00",£15.00,£240.00,20%,£48.00,"£1,209.60",35.10%,£969.60,28.10%,7.00%
12/05/2025,188,Alexandra,Bristol,Pending,Stellar Systems,C006,Content Outreach,P001,Laptop,£220.00,16,"£3,520.00",3%,"£3,414.40",20%,£682.88,"£4,097.28",£140.00,"£2,240.00",£15.00,£240.00,20%,£48.00,"£1,174.40",34.40%,£934.40,27.40%,7.00%
12/05/2025,190,Lisa,Brighton,Pending,Orion Enterprises,C015,Website,P008,Cable Management Tray,£20.00,18,£360.00,10%,£324.00,20%,£64.80,£388.80,£12.00,£216.00,£6.00,£108.00,20%,£21.60,£108.00,33.30%, £-   ,0.00%,33.30%
12/05/2025,338,Lucas,Manchester,Pending,AstroTech,C017,Social Media Outreach,P010,Standing Desk,£530.00,1,£530.00,5%,£503.50,20%,£100.70,£604.20,£360.00,£360.00,£60.00,£60.00,20%,£12.00,£143.50,28.50%,£83.50,16.60%,11.90%
12/06/2025,120,Lisa,Newcastle,Pending,Orion Enterprises,C015,SEO,P002,Server Key,£150.00,7,"£1,050.00",3%,"£1,018.50",20%,£203.70,"£1,222.20",£80.00,£560.00, £-   , £-   ,0%, £-   ,£458.50,45.00%,£458.50,45.00%,0.00%
12/06/2025,145,Daniel,Sheffield,Pending,Moonbeam Innovations,C005,Events Outreach,P002,Server Key,£150.00,8,"£1,200.00",5%,"£1,140.00",20%,£228.00,"£1,368.00",£80.00,£640.00, £-   , £-   ,0%, £-   ,£500.00,43.90%,£500.00,43.90%,0.00%
12/06/2025,692,Lisa,Newcastle,Shipping,Infinity Innovations,C009,Website,P002,Server Key,£150.00,1,£150.00,3%,£145.50,20%,£29.10,£174.60,£80.00,£80.00, £-   , £-   ,0%, £-   ,£65.50,45.00%,£65.50,45.00%,0.00%
12/07/2025,349,Jack,Liverpool,Paid,Lunar Labs,C012,Events Outreach,P002,Server Key,£150.00,12,"£1,800.00",5%,"£1,710.00",20%,£342.00,"£2,052.00",£80.00,£960.00, £-   , £-   ,0%, £-   ,£750.00,43.90%,£750.00,43.90%,0.00%
12/07/2025,451,Lucas,Brighton,Paid,Solar Solutions,C011,SEO,P006,Monitor Stand,£40.00,2,£80.00,7%,£74.40,20%,£14.88,£89.28,£24.00,£48.00,£7.00,£14.00,20%,£2.80,£26.40,35.50%,£12.40,16.70%,18.80%
12/07/2025,963,Mark,Manchester,Pending,Comet Corporation,C016,Referral,P006,Monitor Stand,£40.00,19,£760.00,3%,£737.20,20%,£147.44,£884.64,£24.00,£456.00,£7.00,£133.00,20%,£26.60,£281.20,38.10%,£148.20,20.10%,18.00%
12/08/2025,325,Sarah,Newcastle,Shipping,Interstellar Enterprises,C019,SEO,P006,Monitor Stand,£40.00,18,£720.00,7%,£669.60,20%,£133.92,£803.52,£24.00,£432.00,£7.00,£126.00,20%,£25.20,£237.60,35.50%,£111.60,16.70%,18.80%
12/08/2025,506,Dave,Newcastle,Pending,Venus Ventures,C024,SEO,P008,Cable Management Tray,£20.00,3,£60.00,3%,£58.20,20%,£11.64,£69.84,£12.00,£36.00,£6.00,£18.00,20%,£3.60,£22.20,38.10%,£4.20,7.20%,30.90%
12/08/2025,857,Jack,Bristol,Pending,Moonbeam Innovations,C005,Social Media Outreach,P004,Data Storage Device,£70.00,15,"£1,050.00",5%,£997.50,20%,£199.50,"£1,197.00",£30.00,£450.00,£8.00,£120.00,20%,£24.00,£547.50,54.90%,£427.50,42.90%,12.00%
12/08/2025,873,Daniel,Newcastle,Shipping,Saturn Solutions,C022,SEO,P005,Software License,£200.00,6,"£1,200.00",12%,"£1,056.00",20%,£211.20,"£1,267.20",£110.00,£660.00, £-   , £-   ,0%, £-   ,£396.00,37.50%,£396.00,37.50%,0.00%
12/09/2025,519,Sarah,Manchester,Pending,Mars Enterprises,C025,Content Outreach,P010,Standing Desk,£530.00,3,"£1,590.00",9%,"£1,446.90",20%,£289.38,"£1,736.28",£360.00,"£1,080.00",£60.00,£180.00,20%,£36.00,£366.90,25.40%,£186.90,12.90%,12.50%
12/09/2025,690,Lisa,Newcastle,Pending,Galactic Enterprises,C003,Referral,P006,Monitor Stand,£40.00,8,£320.00,5%,£304.00,20%,£60.80,£364.80,£24.00,£192.00,£7.00,£56.00,20%,£11.20,£112.00,36.80%,£56.00,18.40%,18.40%
12/10/2025,217,Daniel,Sheffield,Paid,Stellar Systems,C006,Referral,P007,Keyboard Tray,£25.00,6,£150.00,7%,£139.50,20%,£27.90,£167.40,£14.00,£84.00,£7.00,£42.00,20%,£8.40,£55.50,39.80%,£13.50,9.70%,30.10%
12/10/2025,742,Dave,Manchester,Shipping,Stellar Systems,C006,SEO,P002,Server Key,£150.00,9,"£1,350.00",6%,"£1,269.00",20%,£253.80,"£1,522.80",£80.00,£720.00, £-   , £-   ,0%, £-   ,£549.00,43.30%,£549.00,43.30%,0.00%
12/10/2025,783,Mark,Nottingham,Shipping,Infinity Innovations,C009,Content Outreach,P006,Monitor Stand,£40.00,14,£560.00,5%,£532.00,20%,£106.40,£638.40,£24.00,£336.00,£7.00,£98.00,20%,£19.60,£196.00,36.80%,£98.00,18.40%,18.40%
12/11/2025,9,Sarah,Newcastle,Pending,Infinity Innovations,C009,SEO,P003,Network Switch,£130.00,1,£130.00,3%,£126.10,20%,£25.22,£151.32,£72.00,£72.00,£8.00,£8.00,20%,£1.60,£54.10,42.90%,£46.10,36.60%,6.30%
12/11/2025,292,Sarah,Liverpool,Paid,Aurora Enterprises,C010,Content Outreach,P006,Monitor Stand,£40.00,1,£40.00,3%,£38.80,20%,£7.76,£46.56,£24.00,£24.00,£7.00,£7.00,20%,£1.40,£14.80,38.10%,£7.80,20.10%,18.00%
12/11/2025,357,Sarah,Newcastle,Paid,Lunar Labs,C012,Referral,P010,Standing Desk,£530.00,3,"£1,590.00",8%,"£1,462.80",20%,£292.56,"£1,755.36",£360.00,"£1,080.00",£60.00,£180.00,20%,£36.00,£382.80,26.20%,£202.80,13.90%,12.30%
12/12/2025,829,Mark,Manchester,Paid,Lunar Labs,C012,Referral,P007,Keyboard Tray,£25.00,6,£150.00,9%,£136.50,20%,£27.30,£163.80,£14.00,£84.00,£7.00,£42.00,20%,£8.40,£52.50,38.50%,£10.50,7.70%,30.80%
13/01/2025,658,Jack,Newcastle,Pending,Nebula Technologies,C007,Content Outreach,P010,Standing Desk,£530.00,14,"£7,420.00",10%,"£6,678.00",20%,"£1,335.60","£8,013.60",£360.00,"£5,040.00",£60.00,£840.00,20%,£168.00,"£1,638.00",24.50%,£798.00,11.90%,12.60%
13/01/2025,927,Daniel,Manchester,Shipping,Supernova Solutions,C014,Referral,P006,Monitor Stand,£40.00,6,£240.00,5%,£228.00,20%,£45.60,£273.60,£24.00,£144.00,£7.00,£42.00,20%,£8.40,£84.00,36.80%,£42.00,18.40%,18.40%
13/02/2025,262,Alexandra,Bristol,Pending,Supernova Solutions,C014,SEO,P002,Server Key,£150.00,8,"£1,200.00",5%,"£1,140.00",20%,£228.00,"£1,368.00",£80.00,£640.00, £-   , £-   ,0%, £-   ,£500.00,43.90%,£500.00,43.90%,0.00%
13/02/2025,547,Daniel,Nottingham,Pending,AstroTech,C017,Referral,P001,Laptop,£220.00,8,"£1,760.00",5%,"£1,672.00",20%,£334.40,"£2,006.40",£140.00,"£1,120.00",£15.00,£120.00,20%,£24.00,£552.00,33.00%,£432.00,25.80%,7.20%
13/02/2025,804,Lisa,Newcastle,Shipping,Interstellar Enterprises,C019,Website,P001,Laptop,£220.00,11,"£2,420.00",6%,"£2,274.80",20%,£454.96,"£2,729.76",£140.00,"£1,540.00",£15.00,£165.00,20%,£33.00,£734.80,32.30%,£569.80,25.00%,7.30%
13/03/2025,118,Lucas,Newcastle,Pending,Interstellar Enterprises,C019,Content Outreach,P003,Network Switch,£130.00,14,"£1,820.00",10%,"£1,638.00",20%,£327.60,"£1,965.60",£72.00,"£1,008.00",£8.00,£112.00,20%,£22.40,£630.00,38.50%,£518.00,31.60%,6.90%
13/03/2025,202,Alexandra,Bristol,Shipping,Acme Corporation,C001,SEO,P003,Network Switch,£130.00,6,£780.00,8%,£717.60,20%,£143.52,£861.12,£72.00,£432.00,£8.00,£48.00,20%,£9.60,£285.60,39.80%,£237.60,33.10%,6.70%
13/03/2025,346,Mark,London,Shipping,Mars Enterprises,C025,Social Media Outreach,P009,Ergonomic Chair,£190.00,4,£760.00,12%,£668.80,20%,£133.76,£802.56,£115.00,£460.00,£45.00,£180.00,20%,£36.00,£208.80,31.20%,£28.80,4.30%,26.90%
13/03/2025,973,Lisa,Bristol,Pending,Nova Innovations,C018,Referral,P006,Monitor Stand,£40.00,10,£400.00,1%,£396.00,20%,£79.20,£475.20,£24.00,£240.00,£7.00,£70.00,20%,£14.00,£156.00,39.40%,£86.00,21.70%,17.70%
13/04/2025,805,Lucas,Bristol,Pending,Lunar Labs,C012,Referral,P009,Ergonomic Chair,£190.00,12,"£2,280.00",6%,"£2,143.20",20%,£428.64,"£2,571.84",£115.00,"£1,380.00",£45.00,£540.00,20%,£108.00,£763.20,35.60%,£223.20,10.40%,25.20%
13/05/2025,46,Alexandra,Manchester,Pending,Stellar Systems,C006,Referral,P006,Monitor Stand,£40.00,5,£200.00,7%,£186.00,20%,£37.20,£223.20,£24.00,£120.00,£7.00,£35.00,20%,£7.00,£66.00,35.50%,£31.00,16.70%,18.80%
13/05/2025,640,Lisa,London,Shipping,Comet Corporation,C016,Events Outreach,P006,Monitor Stand,£40.00,6,£240.00,5%,£228.00,20%,£45.60,£273.60,£24.00,£144.00,£7.00,£42.00,20%,£8.40,£84.00,36.80%,£42.00,18.40%,18.40%
13/05/2025,906,Alexandra,Manchester,Shipping,Nova Innovations,C018,Referral,P009,Ergonomic Chair,£190.00,6,"£1,140.00",10%,"£1,026.00",20%,£205.20,"£1,231.20",£115.00,£690.00,£45.00,£270.00,20%,£54.00,£336.00,32.70%,£66.00,6.40%,26.30%
13/06/2025,55,Jack,Brighton,Paid,Solar Solutions,C011,SEO,P003,Network Switch,£130.00,10,"£1,300.00",2%,"£1,274.00",20%,£254.80,"£1,528.80",£72.00,£720.00,£8.00,£80.00,20%,£16.00,£554.00,43.50%,£474.00,37.20%,6.30%
13/06/2025,126,Sarah,Manchester,Pending,Comet Corporation,C016,Referral,P006,Monitor Stand,£40.00,12,£480.00,3%,£465.60,20%,£93.12,£558.72,£24.00,£288.00,£7.00,£84.00,20%,£16.80,£177.60,38.10%,£93.60,20.10%,18.00%
13/06/2025,370,Alexandra,Leeds,Shipping,Celestial Industries,C013,Referral,P008,Cable Management Tray,£20.00,3,£60.00,6%,£56.40,20%,£11.28,£67.68,£12.00,£36.00,£6.00,£18.00,20%,£3.60,£20.40,36.20%,£2.40,4.30%,31.90%
13/06/2025,749,Mark,Brighton,Shipping,Nova Innovations,C018,Content Outreach,P006,Monitor Stand,£40.00,9,£360.00,12%,£316.80,20%,£63.36,£380.16,£24.00,£216.00,£7.00,£63.00,20%,£12.60,£100.80,31.80%,£37.80,11.90%,19.90%
13/07/2025,131,Daniel,Bristol,Shipping,Nova Innovations,C018,Events Outreach,P005,Software License,£200.00,6,"£1,200.00",10%,"£1,080.00",20%,£216.00,"£1,296.00",£110.00,£660.00, £-   , £-   ,0%, £-   ,£420.00,38.90%,£420.00,38.90%,0.00%
13/07/2025,379,Daniel,London,Shipping,Planetary Partners,C021,SEO,P007,Keyboard Tray,£25.00,7,£175.00,10%,£157.50,20%,£31.50,£189.00,£14.00,£98.00,£7.00,£49.00,20%,£9.80,£59.50,37.80%,£10.50,6.70%,31.10%
13/07/2025,395,Sarah,Liverpool,Shipping,Cosmos Creations,C020,Referral,P002,Server Key,£150.00,8,"£1,200.00",9%,"£1,092.00",20%,£218.40,"£1,310.40",£80.00,£640.00, £-   , £-   ,0%, £-   ,£452.00,41.40%,£452.00,41.40%,0.00%
13/07/2025,577,Lisa,Leeds,Paid,Supernova Solutions,C014,Content Outreach,P001,Laptop,£220.00,5,"£1,100.00",6%,"£1,034.00",20%,£206.80,"£1,240.80",£140.00,£700.00,£15.00,£75.00,20%,£15.00,£334.00,32.30%,£259.00,25.00%,7.30%
13/08/2025,847,Dave,Birmingham,Paid,Nova Innovations,C018,SEO,P006,Monitor Stand,£40.00,2,£80.00,3%,£77.60,20%,£15.52,£93.12,£24.00,£48.00,£7.00,£14.00,20%,£2.80,£29.60,38.10%,£15.60,20.10%,18.00%
13/09/2025,121,Alexandra,Liverpool,Paid,Celestial Industries,C013,SEO,P003,Network Switch,£130.00,18,"£2,340.00",5%,"£2,223.00",20%,£444.60,"£2,667.60",£72.00,"£1,296.00",£8.00,£144.00,20%,£28.80,£927.00,41.70%,£783.00,35.20%,6.50%
13/11/2025,342,Alexandra,Bristol,Paid,Orion Enterprises,C015,SEO,P006,Monitor Stand,£40.00,13,£520.00,2%,£509.60,20%,£101.92,£611.52,£24.00,£312.00,£7.00,£91.00,20%,£18.20,£197.60,38.80%,£106.60,20.90%,17.90%
13/11/2025,464,Mark,Bristol,Shipping,Venus Ventures,C024,SEO,P004,Data Storage Device,£70.00,12,£840.00,6%,£789.60,20%,£157.92,£947.52,£30.00,£360.00,£8.00,£96.00,20%,£19.20,£429.60,54.40%,£333.60,42.20%,12.20%
13/11/2025,526,Lisa,Leeds,Shipping,Mercury Industries,C023,Social Media Outreach,P006,Monitor Stand,£40.00,8,£320.00,6%,£300.80,20%,£60.16,£360.96,£24.00,£192.00,£7.00,£56.00,20%,£11.20,£108.80,36.20%,£52.80,17.60%,18.60%
13/11/2025,621,Daniel,Birmingham,Shipping,Planetary Partners,C021,SEO,P007,Keyboard Tray,£25.00,1,£25.00,2%,£24.50,20%,£4.90,£29.40,£14.00,£14.00,£7.00,£7.00,20%,£1.40,£10.50,42.90%,£3.50,14.30%,28.60%
13/12/2025,368,Daniel,Birmingham,Pending,Saturn Solutions,C022,Social Media Outreach,P005,Software License,£200.00,9,"£1,800.00",3%,"£1,746.00",20%,£349.20,"£2,095.20",£110.00,£990.00, £-   , £-   ,0%, £-   ,£756.00,43.30%,£756.00,43.30%,0.00%
14/01/2025,763,Sarah,Manchester,Shipping,Orion Enterprises,C015,Events Outreach,P004,Data Storage Device,£70.00,10,£700.00,6%,£658.00,20%,£131.60,£789.60,£30.00,£300.00,£8.00,£80.00,20%,£16.00,£358.00,54.40%,£278.00,42.20%,12.20%
14/01/2025,797,Alexandra,Sheffield,Shipping,Stellar Systems,C006,Content Outreach,P002,Server Key,£150.00,17,"£2,550.00",4%,"£2,448.00",20%,£489.60,"£2,937.60",£80.00,"£1,360.00", £-   , £-   ,0%, £-   ,"£1,088.00",44.40%,"£1,088.00",44.40%,0.00%
14/01/2025,814,Mark,Manchester,Paid,Celestial Industries,C013,Referral,P003,Network Switch,£130.00,19,"£2,470.00",5%,"£2,346.50",20%,£469.30,"£2,815.80",£72.00,"£1,368.00",£8.00,£152.00,20%,£30.40,£978.50,41.70%,£826.50,35.20%,6.50%
14/01/2025,831,Lisa,Brighton,Pending,Infinity Innovations,C009,Website,P001,Laptop,£220.00,2,£440.00,10%,£396.00,20%,£79.20,£475.20,£140.00,£280.00,£15.00,£30.00,20%,£6.00,£116.00,29.30%,£86.00,21.70%,7.60%
14/02/2025,143,Lisa,Birmingham,Pending,Cosmic Creations,C008,SEO,P004,Data Storage Device,£70.00,19,"£1,330.00",6%,"£1,250.20",20%,£250.04,"£1,500.24",£30.00,£570.00,£8.00,£152.00,20%,£30.40,£680.20,54.40%,£528.20,42.20%,12.20%
14/02/2025,612,Lucas,Brighton,Paid,Comet Corporation,C016,Website,P009,Ergonomic Chair,£190.00,11,"£2,090.00",9%,"£1,901.90",20%,£380.38,"£2,282.28",£115.00,"£1,265.00",£45.00,£495.00,20%,£99.00,£636.90,33.50%,£141.90,7.50%,26.00%
14/02/2025,997,Lucas,Leeds,Pending,Galactic Enterprises,C003,SEO,P005,Software License,£200.00,20,"£4,000.00",12%,"£3,520.00",20%,£704.00,"£4,224.00",£110.00,"£2,200.00", £-   , £-   ,0%, £-   ,"£1,320.00",37.50%,"£1,320.00",37.50%,0.00%
14/03/2025,122,Dave,Newcastle,Shipping,Venus Ventures,C024,SEO,P004,Data Storage Device,£70.00,20,"£1,400.00",6%,"£1,316.00",20%,£263.20,"£1,579.20",£30.00,£600.00,£8.00,£160.00,20%,£32.00,£716.00,54.40%,£556.00,42.20%,12.20%
14/03/2025,155,Lucas,Manchester,Pending,Orion Enterprises,C015,Social Media Outreach,P009,Ergonomic Chair,£190.00,4,£760.00,7%,£706.80,20%,£141.36,£848.16,£115.00,£460.00,£45.00,£180.00,20%,£36.00,£246.80,34.90%,£66.80,9.50%,25.40%
14/03/2025,229,Jack,Liverpool,Paid,Celestial Industries,C013,SEO,P004,Data Storage Device,£70.00,19,"£1,330.00",1%,"£1,316.70",20%,£263.34,"£1,580.04",£30.00,£570.00,£8.00,£152.00,20%,£30.40,£746.70,56.70%,£594.70,45.20%,11.50%
14/03/2025,306,Lucas,Bristol,Shipping,Interstellar Enterprises,C019,Website,P006,Monitor Stand,£40.00,4,£160.00,3%,£155.20,20%,£31.04,£186.24,£24.00,£96.00,£7.00,£28.00,20%,£5.60,£59.20,38.10%,£31.20,20.10%,18.00%
14/03/2025,360,Sarah,Manchester,Shipping,Interstellar Enterprises,C019,Website,P002,Server Key,£150.00,13,"£1,950.00",6%,"£1,833.00",20%,£366.60,"£2,199.60",£80.00,"£1,040.00", £-   , £-   ,0%, £-   ,£793.00,43.30%,£793.00,43.30%,0.00%
14/03/2025,584,Daniel,Newcastle,Pending,Interstellar Enterprises,C019,Social Media Outreach,P010,Standing Desk,£530.00,8,"£4,240.00",4%,"£4,070.40",20%,£814.08,"£4,884.48",£360.00,"£2,880.00",£60.00,£480.00,20%,£96.00,"£1,190.40",29.20%,£710.40,17.50%,11.70%
14/03/2025,761,Alexandra,Brighton,Shipping,Venus Ventures,C024,Website,P002,Server Key,£150.00,6,£900.00,7%,£837.00,20%,£167.40,"£1,004.40",£80.00,£480.00, £-   , £-   ,0%, £-   ,£357.00,42.70%,£357.00,42.70%,0.00%
14/04/2025,508,Mark,Brighton,Pending,Galactic Enterprises,C003,SEO,P002,Server Key,£150.00,1,£150.00,1%,£148.50,20%,£29.70,£178.20,£80.00,£80.00, £-   , £-   ,0%, £-   ,£68.50,46.10%,£68.50,46.10%,0.00%
14/04/2025,703,Sarah,Brighton,Shipping,Acme Corporation,C001,Social Media Outreach,P001,Laptop,£220.00,10,"£2,200.00",5%,"£2,090.00",20%,£418.00,"£2,508.00",£140.00,"£1,400.00",£15.00,£150.00,20%,£30.00,£690.00,33.00%,£540.00,25.80%,7.20%
14/04/2025,775,Lisa,Sheffield,Pending,Starlight Industries,C002,SEO,P004,Data Storage Device,£70.00,2,£140.00,7%,£130.20,20%,£26.04,£156.24,£30.00,£60.00,£8.00,£16.00,20%,£3.20,£70.20,53.90%,£54.20,41.60%,12.30%
14/04/2025,813,Sarah,Liverpool,Shipping,Starlight Industries,C002,Referral,P009,Ergonomic Chair,£190.00,4,£760.00,10%,£684.00,20%,£136.80,£820.80,£115.00,£460.00,£45.00,£180.00,20%,£36.00,£224.00,32.70%,£44.00,6.40%,26.30%
14/05/2025,140,Lisa,Bristol,Pending,Sunrise Solutions,C004,Social Media Outreach,P001,Laptop,£220.00,9,"£1,980.00",8%,"£1,821.60",20%,£364.32,"£2,185.92",£140.00,"£1,260.00",£15.00,£135.00,20%,£27.00,£561.60,30.80%,£426.60,23.40%,7.40%
14/05/2025,184,Daniel,Bristol,Pending,Lunar Labs,C012,Referral,P007,Keyboard Tray,£25.00,12,£300.00,6%,£282.00,20%,£56.40,£338.40,£14.00,£168.00,£7.00,£84.00,20%,£16.80,£114.00,40.40%,£30.00,10.60%,29.80%
14/05/2025,784,Mark,Leeds,Pending,Mars Enterprises,C025,SEO,P005,Software License,£200.00,13,"£2,600.00",3%,"£2,522.00",20%,£504.40,"£3,026.40",£110.00,"£1,430.00", £-   , £-   ,0%, £-   ,"£1,092.00",43.30%,"£1,092.00",43.30%,0.00%
14/05/2025,864,Lucas,Bristol,Pending,Aurora Enterprises,C010,SEO,P008,Cable Management Tray,£20.00,17,£340.00,3%,£329.80,20%,£65.96,£395.76,£12.00,£204.00,£6.00,£102.00,20%,£20.40,£125.80,38.10%,£23.80,7.20%,30.90%
14/05/2025,884,Dave,Nottingham,Shipping,Aurora Enterprises,C010,Content Outreach,P007,Keyboard Tray,£25.00,16,£400.00,8%,£368.00,20%,£73.60,£441.60,£14.00,£224.00,£7.00,£112.00,20%,£22.40,£144.00,39.10%,£32.00,8.70%,30.40%
14/06/2025,86,Lucas,Liverpool,Paid,AstroTech,C017,Social Media Outreach,P007,Keyboard Tray,£25.00,19,£475.00,2%,£465.50,20%,£93.10,£558.60,£14.00,£266.00,£7.00,£133.00,20%,£26.60,£199.50,42.90%,£66.50,14.30%,28.60%
14/06/2025,706,Alexandra,Bristol,Shipping,Nebula Technologies,C007,SEO,P005,Software License,£200.00,15,"£3,000.00",2%,"£2,940.00",20%,£588.00,"£3,528.00",£110.00,"£1,650.00", £-   , £-   ,0%, £-   ,"£1,290.00",43.90%,"£1,290.00",43.90%,0.00%
14/06/2025,986,Daniel,Newcastle,Shipping,Comet Corporation,C016,Referral,P006,Monitor Stand,£40.00,11,£440.00,10%,£396.00,20%,£79.20,£475.20,£24.00,£264.00,£7.00,£77.00,20%,£15.40,£132.00,33.30%,£55.00,13.90%,19.40%
14/07/2025,348,Mark,Bristol,Paid,Acme Corporation,C001,SEO,P010,Standing Desk,£530.00,1,£530.00,10%,£477.00,20%,£95.40,£572.40,£360.00,£360.00,£60.00,£60.00,20%,£12.00,£117.00,24.50%,£57.00,11.90%,12.60%
14/08/2025,96,Alexandra,Bristol,Pending,Galactic Enterprises,C003,Content Outreach,P006,Monitor Stand,£40.00,8,£320.00,5%,£304.00,20%,£60.80,£364.80,£24.00,£192.00,£7.00,£56.00,20%,£11.20,£112.00,36.80%,£56.00,18.40%,18.40%
14/08/2025,327,Dave,Bristol,Pending,Mercury Industries,C023,Referral,P004,Data Storage Device,£70.00,9,£630.00,7%,£585.90,20%,£117.18,£703.08,£30.00,£270.00,£8.00,£72.00,20%,£14.40,£315.90,53.90%,£243.90,41.60%,12.30%
14/08/2025,788,Daniel,Liverpool,Shipping,Lunar Labs,C012,SEO,P006,Monitor Stand,£40.00,13,£520.00,3%,£504.40,20%,£100.88,£605.28,£24.00,£312.00,£7.00,£91.00,20%,£18.20,£192.40,38.10%,£101.40,20.10%,18.00%
14/08/2025,978,Dave,Brighton,Shipping,AstroTech,C017,SEO,P010,Standing Desk,£530.00,7,"£3,710.00",7%,"£3,450.30",20%,£690.06,"£4,140.36",£360.00,"£2,520.00",£60.00,£420.00,20%,£84.00,£930.30,27.00%,£510.30,14.80%,12.20%
14/08/2025,984,Mark,Nottingham,Shipping,Cosmic Creations,C008,SEO,P008,Cable Management Tray,£20.00,2,£40.00,9%,£36.40,20%,£7.28,£43.68,£12.00,£24.00,£6.00,£12.00,20%,£2.40,£12.40,34.10%,£0.40,1.10%,33.00%
14/09/2025,97,Jack,Nottingham,Pending,Comet Corporation,C016,Content Outreach,P004,Data Storage Device,£70.00,10,£700.00,10%,£630.00,20%,£126.00,£756.00,£30.00,£300.00,£8.00,£80.00,20%,£16.00,£330.00,52.40%,£250.00,39.70%,12.70%
14/09/2025,347,Jack,Brighton,Paid,Mars Enterprises,C025,SEO,P007,Keyboard Tray,£25.00,17,£425.00,8%,£391.00,20%,£78.20,£469.20,£14.00,£238.00,£7.00,£119.00,20%,£23.80,£153.00,39.10%,£34.00,8.70%,30.40%
14/09/2025,718,Mark,Newcastle,Paid,Cosmos Creations,C020,SEO,P006,Monitor Stand,£40.00,19,£760.00,12%,£668.80,20%,£133.76,£802.56,£24.00,£456.00,£7.00,£133.00,20%,£26.60,£212.80,31.80%,£79.80,11.90%,19.90%
14/09/2025,996,Lisa,Nottingham,Paid,Solar Solutions,C011,Content Outreach,P006,Monitor Stand,£40.00,15,£600.00,10%,£540.00,20%,£108.00,£648.00,£24.00,£360.00,£7.00,£105.00,20%,£21.00,£180.00,33.30%,£75.00,13.90%,19.40%
14/10/2025,898,Lisa,Bristol,Paid,Orion Enterprises,C015,Social Media Outreach,P007,Keyboard Tray,£25.00,15,£375.00,6%,£352.50,20%,£70.50,£423.00,£14.00,£210.00,£7.00,£105.00,20%,£21.00,£142.50,40.40%,£37.50,10.60%,29.80%
14/11/2025,72,Mark,Nottingham,Shipping,Moonbeam Innovations,C005,SEO,P009,Ergonomic Chair,£190.00,6,"£1,140.00",3%,"£1,105.80",20%,£221.16,"£1,326.96",£115.00,£690.00,£45.00,£270.00,20%,£54.00,£415.80,37.60%,£145.80,13.20%,24.40%
14/11/2025,91,Daniel,Liverpool,Paid,Cosmic Creations,C008,Referral,P009,Ergonomic Chair,£190.00,12,"£2,280.00",6%,"£2,143.20",20%,£428.64,"£2,571.84",£115.00,"£1,380.00",£45.00,£540.00,20%,£108.00,£763.20,35.60%,£223.20,10.40%,25.20%
14/11/2025,246,Lisa,Birmingham,Paid,Orion Enterprises,C015,SEO,P006,Monitor Stand,£40.00,15,£600.00,6%,£564.00,20%,£112.80,£676.80,£24.00,£360.00,£7.00,£105.00,20%,£21.00,£204.00,36.20%,£99.00,17.60%,18.60%
14/11/2025,309,Daniel,Nottingham,Pending,Planetary Partners,C021,Content Outreach,P010,Standing Desk,£530.00,6,"£3,180.00",6%,"£2,989.20",20%,£597.84,"£3,587.04",£360.00,"£2,160.00",£60.00,£360.00,20%,£72.00,£829.20,27.70%,£469.20,15.70%,12.00%
14/11/2025,326,Daniel,London,Shipping,Mars Enterprises,C025,Social Media Outreach,P005,Software License,£200.00,3,£600.00,8%,£552.00,20%,£110.40,£662.40,£110.00,£330.00, £-   , £-   ,0%, £-   ,£222.00,40.20%,£222.00,40.20%,0.00%
14/11/2025,539,Jack,Nottingham,Shipping,Starlight Industries,C002,Content Outreach,P006,Monitor Stand,£40.00,11,£440.00,1%,£435.60,20%,£87.12,£522.72,£24.00,£264.00,£7.00,£77.00,20%,£15.40,£171.60,39.40%,£94.60,21.70%,17.70%
14/11/2025,754,Sarah,Brighton,Shipping,Celestial Industries,C013,Content Outreach,P009,Ergonomic Chair,£190.00,12,"£2,280.00",3%,"£2,211.60",20%,£442.32,"£2,653.92",£115.00,"£1,380.00",£45.00,£540.00,20%,£108.00,£831.60,37.60%,£291.60,13.20%,24.40%
14/11/2025,810,Mark,Sheffield,Pending,Orion Enterprises,C015,SEO,P002,Server Key,£150.00,2,£300.00,10%,£270.00,20%,£54.00,£324.00,£80.00,£160.00, £-   , £-   ,0%, £-   ,£110.00,40.70%,£110.00,40.70%,0.00%
14/12/2025,179,Alexandra,Bristol,Pending,Cosmos Creations,C020,Referral,P004,Data Storage Device,£70.00,4,£280.00,2%,£274.40,20%,£54.88,£329.28,£30.00,£120.00,£8.00,£32.00,20%,£6.40,£154.40,56.30%,£122.40,44.60%,11.70%
14/12/2025,260,Mark,Manchester,Shipping,Venus Ventures,C024,SEO,P010,Standing Desk,£530.00,16,"£8,480.00",1%,"£8,395.20",20%,"£1,679.04","£10,074.24",£360.00,"£5,760.00",£60.00,£960.00,20%,£192.00,"£2,635.20",31.40%,"£1,675.20",20.00%,11.40%
14/12/2025,470,Daniel,Nottingham,Shipping,Lunar Labs,C012,Referral,P010,Standing Desk,£530.00,4,"£2,120.00",12%,"£1,865.60",20%,£373.12,"£2,238.72",£360.00,"£1,440.00",£60.00,£240.00,20%,£48.00,£425.60,22.80%,£185.60,9.90%,12.90%
15/01/2025,490,Mark,Brighton,Pending,AstroTech,C017,Content Outreach,P003,Network Switch,£130.00,10,"£1,300.00",10%,"£1,170.00",20%,£234.00,"£1,404.00",£72.00,£720.00,£8.00,£80.00,20%,£16.00,£450.00,38.50%,£370.00,31.60%,6.90%
15/02/2025,488,Mark,Nottingham,Shipping,Nebula Technologies,C007,Referral,P002,Server Key,£150.00,11,"£1,650.00",9%,"£1,501.50",20%,£300.30,"£1,801.80",£80.00,£880.00, £-   , £-   ,0%, £-   ,£621.50,41.40%,£621.50,41.40%,0.00%
15/02/2025,796,Jack,Sheffield,Shipping,Acme Corporation,C001,SEO,P003,Network Switch,£130.00,17,"£2,210.00",5%,"£2,099.50",20%,£419.90,"£2,519.40",£72.00,"£1,224.00",£8.00,£136.00,20%,£27.20,£875.50,41.70%,£739.50,35.20%,6.50%
15/03/2025,198,Daniel,Manchester,Pending,Aurora Enterprises,C010,Content Outreach,P005,Software License,£200.00,11,"£2,200.00",1%,"£2,178.00",20%,£435.60,"£2,613.60",£110.00,"£1,210.00", £-   , £-   ,0%, £-   ,£968.00,44.40%,£968.00,44.40%,0.00%
15/03/2025,225,Sarah,Liverpool,Shipping,Nebula Technologies,C007,SEO,P003,Network Switch,£130.00,7,£910.00,5%,£864.50,20%,£172.90,"£1,037.40",£72.00,£504.00,£8.00,£56.00,20%,£11.20,£360.50,41.70%,£304.50,35.20%,6.50%
15/03/2025,257,Lucas,Leeds,Shipping,AstroTech,C017,Referral,P007,Keyboard Tray,£25.00,9,£225.00,3%,£218.25,20%,£43.65,£261.90,£14.00,£126.00,£7.00,£63.00,20%,£12.60,£92.25,42.30%,£29.25,13.40%,28.90%
15/04/2025,38,Alexandra,London,Pending,Solar Solutions,C011,SEO,P003,Network Switch,£130.00,11,"£1,430.00",10%,"£1,287.00",20%,£257.40,"£1,544.40",£72.00,£792.00,£8.00,£88.00,20%,£17.60,£495.00,38.50%,£407.00,31.60%,6.90%
15/04/2025,104,Daniel,Brighton,Paid,Supernova Solutions,C014,Referral,P005,Software License,£200.00,13,"£2,600.00",2%,"£2,548.00",20%,£509.60,"£3,057.60",£110.00,"£1,430.00", £-   , £-   ,0%, £-   ,"£1,118.00",43.90%,"£1,118.00",43.90%,0.00%
15/04/2025,160,Lucas,Birmingham,Pending,Sunrise Solutions,C004,SEO,P010,Standing Desk,£530.00,15,"£7,950.00",12%,"£6,996.00",20%,"£1,399.20","£8,395.20",£360.00,"£5,400.00",£60.00,£900.00,20%,£180.00,"£1,596.00",22.80%,£696.00,9.90%,12.90%
15/04/2025,194,Mark,Leeds,Paid,Cosmic Creations,C008,Events Outreach,P006,Monitor Stand,£40.00,1,£40.00,5%,£38.00,20%,£7.60,£45.60,£24.00,£24.00,£7.00,£7.00,20%,£1.40,£14.00,36.80%,£7.00,18.40%,18.40%
15/04/2025,575,Lucas,London,Pending,Comet Corporation,C016,Content Outreach,P010,Standing Desk,£530.00,13,"£6,890.00",7%,"£6,407.70",20%,"£1,281.54","£7,689.24",£360.00,"£4,680.00",£60.00,£780.00,20%,£156.00,"£1,727.70",27.00%,£947.70,14.80%,12.20%
15/04/2025,916,Sarah,Newcastle,Pending,Interstellar Enterprises,C019,Social Media Outreach,P001,Laptop,£220.00,12,"£2,640.00",7%,"£2,455.20",20%,£491.04,"£2,946.24",£140.00,"£1,680.00",£15.00,£180.00,20%,£36.00,£775.20,31.60%,£595.20,24.20%,7.40%
15/04/2025,965,Daniel,Bristol,Shipping,Aurora Enterprises,C010,SEO,P002,Server Key,£150.00,1,£150.00,10%,£135.00,20%,£27.00,£162.00,£80.00,£80.00, £-   , £-   ,0%, £-   ,£55.00,40.70%,£55.00,40.70%,0.00%
15/05/2025,265,Lucas,London,Pending,AstroTech,C017,SEO,P001,Laptop,£220.00,14,"£3,080.00",7%,"£2,864.40",20%,£572.88,"£3,437.28",£140.00,"£1,960.00",£15.00,£210.00,20%,£42.00,£904.40,31.60%,£694.40,24.20%,7.40%
15/05/2025,466,Jack,Brighton,Pending,Moonbeam Innovations,C005,SEO,P006,Monitor Stand,£40.00,5,£200.00,2%,£196.00,20%,£39.20,£235.20,£24.00,£120.00,£7.00,£35.00,20%,£7.00,£76.00,38.80%,£41.00,20.90%,17.90%
15/05/2025,705,Lucas,Birmingham,Paid,Planetary Partners,C021,Referral,P004,Data Storage Device,£70.00,5,£350.00,9%,£318.50,20%,£63.70,£382.20,£30.00,£150.00,£8.00,£40.00,20%,£8.00,£168.50,52.90%,£128.50,40.30%,12.60%
15/06/2025,5,Lisa,Manchester,Pending,Interstellar Enterprises,C019,SEO,P002,Server Key,£150.00,1,£150.00,12%,£132.00,20%,£26.40,£158.40,£80.00,£80.00, £-   , £-   ,0%, £-   ,£52.00,39.40%,£52.00,39.40%,0.00%
15/06/2025,731,Daniel,Newcastle,Shipping,Orion Enterprises,C015,SEO,P005,Software License,£200.00,7,"£1,400.00",8%,"£1,288.00",20%,£257.60,"£1,545.60",£110.00,£770.00, £-   , £-   ,0%, £-   ,£518.00,40.20%,£518.00,40.20%,0.00%
15/08/2025,11,Dave,Leeds,Pending,Nebula Technologies,C007,Content Outreach,P010,Standing Desk,£530.00,14,"£7,420.00",2%,"£7,271.60",20%,"£1,454.32","£8,725.92",£360.00,"£5,040.00",£60.00,£840.00,20%,£168.00,"£2,231.60",30.70%,"£1,391.60",19.10%,11.60%
15/08/2025,339,Mark,Sheffield,Shipping,Venus Ventures,C024,Website,P006,Monitor Stand,£40.00,18,£720.00,6%,£676.80,20%,£135.36,£812.16,£24.00,£432.00,£7.00,£126.00,20%,£25.20,£244.80,36.20%,£118.80,17.60%,18.60%
15/09/2025,474,Jack,Sheffield,Shipping,Nebula Technologies,C007,Events Outreach,P008,Cable Management Tray,£20.00,9,£180.00,3%,£174.60,20%,£34.92,£209.52,£12.00,£108.00,£6.00,£54.00,20%,£10.80,£66.60,38.10%,£12.60,7.20%,30.90%
15/09/2025,617,Daniel,Birmingham,Pending,Cosmos Creations,C020,SEO,P007,Keyboard Tray,£25.00,5,£125.00,5%,£118.75,20%,£23.75,£142.50,£14.00,£70.00,£7.00,£35.00,20%,£7.00,£48.75,41.10%,£13.75,11.60%,29.50%
15/10/2025,53,Lisa,Birmingham,Paid,Celestial Industries,C013,Website,P004,Data Storage Device,£70.00,16,"£1,120.00",4%,"£1,075.20",20%,£215.04,"£1,290.24",£30.00,£480.00,£8.00,£128.00,20%,£25.60,£595.20,55.40%,£467.20,43.50%,11.90%
15/10/2025,98,Jack,Manchester,Pending,Nova Innovations,C018,Referral,P006,Monitor Stand,£40.00,2,£80.00,12%,£70.40,20%,£14.08,£84.48,£24.00,£48.00,£7.00,£14.00,20%,£2.80,£22.40,31.80%,£8.40,11.90%,19.90%
15/10/2025,139,Jack,Sheffield,Pending,Aurora Enterprises,C010,Events Outreach,P001,Laptop,£220.00,17,"£3,740.00",7%,"£3,478.20",20%,£695.64,"£4,173.84",£140.00,"£2,380.00",£15.00,£255.00,20%,£51.00,"£1,098.20",31.60%,£843.20,24.20%,7.40%
15/10/2025,541,Mark,Bristol,Pending,Mars Enterprises,C025,Referral,P002,Server Key,£150.00,8,"£1,200.00",5%,"£1,140.00",20%,£228.00,"£1,368.00",£80.00,£640.00, £-   , £-   ,0%, £-   ,£500.00,43.90%,£500.00,43.90%,0.00%
15/11/2025,424,Alexandra,Birmingham,Pending,Lunar Labs,C012,SEO,P004,Data Storage Device,£70.00,20,"£1,400.00",5%,"£1,330.00",20%,£266.00,"£1,596.00",£30.00,£600.00,£8.00,£160.00,20%,£32.00,£730.00,54.90%,£570.00,42.90%,12.00%
15/12/2025,247,Jack,Birmingham,Pending,Venus Ventures,C024,SEO,P010,Standing Desk,£530.00,9,"£4,770.00",6%,"£4,483.80",20%,£896.76,"£5,380.56",£360.00,"£3,240.00",£60.00,£540.00,20%,£108.00,"£1,243.80",27.70%,£703.80,15.70%,12.00%
15/12/2025,408,Alexandra,Birmingham,Pending,Galactic Enterprises,C003,Referral,P003,Network Switch,£130.00,11,"£1,430.00",12%,"£1,258.40",20%,£251.68,"£1,510.08",£72.00,£792.00,£8.00,£88.00,20%,£17.60,£466.40,37.10%,£378.40,30.10%,7.00%
16/01/2025,334,Mark,Manchester,Pending,Sunrise Solutions,C004,Social Media Outreach,P004,Data Storage Device,£70.00,3,£210.00,2%,£205.80,20%,£41.16,£246.96,£30.00,£90.00,£8.00,£24.00,20%,£4.80,£115.80,56.30%,£91.80,44.60%,11.70%
16/01/2025,423,Lucas,London,Pending,Acme Corporation,C001,SEO,P005,Software License,£200.00,12,"£2,400.00",5%,"£2,280.00",20%,£456.00,"£2,736.00",£110.00,"£1,320.00", £-   , £-   ,0%, £-   ,£960.00,42.10%,£960.00,42.10%,0.00%
16/01/2025,676,Sarah,Newcastle,Shipping,Starlight Industries,C002,SEO,P005,Software License,£200.00,19,"£3,800.00",10%,"£3,420.00",20%,£684.00,"£4,104.00",£110.00,"£2,090.00", £-   , £-   ,0%, £-   ,"£1,330.00",38.90%,"£1,330.00",38.90%,0.00%
16/02/2025,322,Alexandra,Liverpool,Shipping,Aurora Enterprises,C010,Content Outreach,P010,Standing Desk,£530.00,6,"£3,180.00",1%,"£3,148.20",20%,£629.64,"£3,777.84",£360.00,"£2,160.00",£60.00,£360.00,20%,£72.00,£988.20,31.40%,£628.20,20.00%,11.40%
16/02/2025,968,Daniel,Leeds,Shipping,Mars Enterprises,C025,Events Outreach,P010,Standing Desk,£530.00,15,"£7,950.00",10%,"£7,155.00",20%,"£1,431.00","£8,586.00",£360.00,"£5,400.00",£60.00,£900.00,20%,£180.00,"£1,755.00",24.50%,£855.00,11.90%,12.60%
16/05/2025,100,Mark,Sheffield,Shipping,Cosmic Creations,C008,Content Outreach,P004,Data Storage Device,£70.00,5,£350.00,10%,£315.00,20%,£63.00,£378.00,£30.00,£150.00,£8.00,£40.00,20%,£8.00,£165.00,52.40%,£125.00,39.70%,12.70%
16/05/2025,711,Sarah,London,Shipping,Stellar Systems,C006,Content Outreach,P009,Ergonomic Chair,£190.00,11,"£2,090.00",6%,"£1,964.60",20%,£392.92,"£2,357.52",£115.00,"£1,265.00",£45.00,£495.00,20%,£99.00,£699.60,35.60%,£204.60,10.40%,25.20%
16/06/2025,25,Daniel,Newcastle,Pending,Moonbeam Innovations,C005,Content Outreach,P003,Network Switch,£130.00,12,"£1,560.00",10%,"£1,404.00",20%,£280.80,"£1,684.80",£72.00,£864.00,£8.00,£96.00,20%,£19.20,£540.00,38.50%,£444.00,31.60%,6.90%
16/06/2025,200,Jack,Bristol,Paid,Mars Enterprises,C025,Referral,P003,Network Switch,£130.00,10,"£1,300.00",5%,"£1,235.00",20%,£247.00,"£1,482.00",£72.00,£720.00,£8.00,£80.00,20%,£16.00,£515.00,41.70%,£435.00,35.20%,6.50%
16/06/2025,825,Lisa,Liverpool,Shipping,AstroTech,C017,SEO,P006,Monitor Stand,£40.00,11,£440.00,6%,£413.60,20%,£82.72,£496.32,£24.00,£264.00,£7.00,£77.00,20%,£15.40,£149.60,36.20%,£72.60,17.60%,18.60%
16/07/2025,84,Lucas,Leeds,Pending,Planetary Partners,C021,SEO,P003,Network Switch,£130.00,8,"£1,040.00",4%,£998.40,20%,£199.68,"£1,198.08",£72.00,£576.00,£8.00,£64.00,20%,£12.80,£422.40,42.30%,£358.40,35.90%,6.40%
16/07/2025,144,Mark,Sheffield,Pending,Venus Ventures,C024,SEO,P007,Keyboard Tray,£25.00,9,£225.00,5%,£213.75,20%,£42.75,£256.50,£14.00,£126.00,£7.00,£63.00,20%,£12.60,£87.75,41.10%,£24.75,11.60%,29.50%
16/07/2025,527,Daniel,Birmingham,Shipping,Sunrise Solutions,C004,Content Outreach,P003,Network Switch,£130.00,18,"£2,340.00",7%,"£2,176.20",20%,£435.24,"£2,611.44",£72.00,"£1,296.00",£8.00,£144.00,20%,£28.80,£880.20,40.40%,£736.20,33.80%,6.60%
16/07/2025,550,Mark,Brighton,Paid,Saturn Solutions,C022,Referral,P007,Keyboard Tray,£25.00,16,£400.00,9%,£364.00,20%,£72.80,£436.80,£14.00,£224.00,£7.00,£112.00,20%,£22.40,£140.00,38.50%,£28.00,7.70%,30.80%
16/08/2025,728,Dave,Sheffield,Shipping,AstroTech,C017,SEO,P004,Data Storage Device,£70.00,16,"£1,120.00",7%,"£1,041.60",20%,£208.32,"£1,249.92",£30.00,£480.00,£8.00,£128.00,20%,£25.60,£561.60,53.90%,£433.60,41.60%,12.30%
16/08/2025,787,Jack,Sheffield,Pending,Starlight Industries,C002,Content Outreach,P006,Monitor Stand,£40.00,1,£40.00,1%,£39.60,20%,£7.92,£47.52,£24.00,£24.00,£7.00,£7.00,20%,£1.40,£15.60,39.40%,£8.60,21.70%,17.70%
16/08/2025,826,Jack,Brighton,Shipping,Galactic Enterprises,C003,SEO,P006,Monitor Stand,£40.00,6,£240.00,5%,£228.00,20%,£45.60,£273.60,£24.00,£144.00,£7.00,£42.00,20%,£8.40,£84.00,36.80%,£42.00,18.40%,18.40%
16/09/2025,288,Alexandra,Leeds,Paid,Cosmos Creations,C020,Content Outreach,P008,Cable Management Tray,£20.00,16,£320.00,3%,£310.40,20%,£62.08,£372.48,£12.00,£192.00,£6.00,£96.00,20%,£19.20,£118.40,38.10%,£22.40,7.20%,30.90%
16/09/2025,312,Alexandra,Birmingham,Shipping,Aurora Enterprises,C010,Referral,P004,Data Storage Device,£70.00,2,£140.00,3%,£135.80,20%,£27.16,£162.96,£30.00,£60.00,£8.00,£16.00,20%,£3.20,£75.80,55.80%,£59.80,44.00%,11.80%
16/09/2025,517,Mark,Nottingham,Pending,Galactic Enterprises,C003,Referral,P001,Laptop,£220.00,4,£880.00,5%,£836.00,20%,£167.20,"£1,003.20",£140.00,£560.00,£15.00,£60.00,20%,£12.00,£276.00,33.00%,£216.00,25.80%,7.20%
16/09/2025,913,Dave,Brighton,Shipping,Saturn Solutions,C022,Events Outreach,P004,Data Storage Device,£70.00,2,£140.00,5%,£133.00,20%,£26.60,£159.60,£30.00,£60.00,£8.00,£16.00,20%,£3.20,£73.00,54.90%,£57.00,42.90%,12.00%
16/10/2025,21,Sarah,Sheffield,Shipping,Aurora Enterprises,C010,Social Media Outreach,P010,Standing Desk,£530.00,3,"£1,590.00",5%,"£1,510.50",20%,£302.10,"£1,812.60",£360.00,"£1,080.00",£60.00,£180.00,20%,£36.00,£430.50,28.50%,£250.50,16.60%,11.90%
16/11/2025,279,Jack,Newcastle,Pending,Nebula Technologies,C007,SEO,P006,Monitor Stand,£40.00,16,£640.00,7%,£595.20,20%,£119.04,£714.24,£24.00,£384.00,£7.00,£112.00,20%,£22.40,£211.20,35.50%,£99.20,16.70%,18.80%
16/11/2025,548,Dave,Brighton,Paid,Cosmic Creations,C008,Referral,P009,Ergonomic Chair,£190.00,9,"£1,710.00",5%,"£1,624.50",20%,£324.90,"£1,949.40",£115.00,"£1,035.00",£45.00,£405.00,20%,£81.00,£589.50,36.30%,£184.50,11.40%,24.90%
16/12/2025,353,Jack,Nottingham,Pending,AstroTech,C017,Referral,P006,Monitor Stand,£40.00,19,£760.00,1%,£752.40,20%,£150.48,£902.88,£24.00,£456.00,£7.00,£133.00,20%,£26.60,£296.40,39.40%,£163.40,21.70%,17.70%
16/12/2025,444,Sarah,Birmingham,Paid,Supernova Solutions,C014,SEO,P002,Server Key,£150.00,16,"£2,400.00",3%,"£2,328.00",20%,£465.60,"£2,793.60",£80.00,"£1,280.00", £-   , £-   ,0%, £-   ,"£1,048.00",45.00%,"£1,048.00",45.00%,0.00%
16/12/2025,700,Daniel,Leeds,Paid,AstroTech,C017,Events Outreach,P001,Laptop,£220.00,10,"£2,200.00",8%,"£2,024.00",20%,£404.80,"£2,428.80",£140.00,"£1,400.00",£15.00,£150.00,20%,£30.00,£624.00,30.80%,£474.00,23.40%,7.40%
16/12/2025,748,Sarah,London,Pending,Venus Ventures,C024,SEO,P004,Data Storage Device,£70.00,4,£280.00,10%,£252.00,20%,£50.40,£302.40,£30.00,£120.00,£8.00,£32.00,20%,£6.40,£132.00,52.40%,£100.00,39.70%,12.70%
17/01/2025,111,Daniel,Nottingham,Shipping,AstroTech,C017,Referral,P003,Network Switch,£130.00,4,£520.00,8%,£478.40,20%,£95.68,£574.08,£72.00,£288.00,£8.00,£32.00,20%,£6.40,£190.40,39.80%,£158.40,33.10%,6.70%
17/02/2025,417,Alexandra,Liverpool,Paid,Cosmic Creations,C008,SEO,P004,Data Storage Device,£70.00,14,£980.00,5%,£931.00,20%,£186.20,"£1,117.20",£30.00,£420.00,£8.00,£112.00,20%,£22.40,£511.00,54.90%,£399.00,42.90%,12.00%
17/02/2025,905,Mark,Brighton,Pending,Stellar Systems,C006,SEO,P003,Network Switch,£130.00,12,"£1,560.00",8%,"£1,435.20",20%,£287.04,"£1,722.24",£72.00,£864.00,£8.00,£96.00,20%,£19.20,£571.20,39.80%,£475.20,33.10%,6.70%
17/02/2025,937,Lucas,Brighton,Pending,Stellar Systems,C006,Website,P002,Server Key,£150.00,6,£900.00,10%,£810.00,20%,£162.00,£972.00,£80.00,£480.00, £-   , £-   ,0%, £-   ,£330.00,40.70%,£330.00,40.70%,0.00%
17/02/2025,1000,Sarah,Brighton,Paid,Comet Corporation,C016,SEO,P008,Cable Management Tray,£20.00,6,£120.00,5%,£114.00,20%,£22.80,£136.80,£12.00,£72.00,£6.00,£36.00,20%,£7.20,£42.00,36.80%,£6.00,5.30%,31.50%
17/03/2025,674,Mark,Newcastle,Shipping,Saturn Solutions,C022,Content Outreach,P002,Server Key,£150.00,12,"£1,800.00",9%,"£1,638.00",20%,£327.60,"£1,965.60",£80.00,£960.00, £-   , £-   ,0%, £-   ,£678.00,41.40%,£678.00,41.40%,0.00%
17/04/2025,113,Daniel,Bristol,Shipping,Lunar Labs,C012,SEO,P006,Monitor Stand,£40.00,1,£40.00,5%,£38.00,20%,£7.60,£45.60,£24.00,£24.00,£7.00,£7.00,20%,£1.40,£14.00,36.80%,£7.00,18.40%,18.40%
17/04/2025,400,Dave,Brighton,Shipping,Orion Enterprises,C015,Website,P005,Software License,£200.00,6,"£1,200.00",5%,"£1,140.00",20%,£228.00,"£1,368.00",£110.00,£660.00, £-   , £-   ,0%, £-   ,£480.00,42.10%,£480.00,42.10%,0.00%
17/04/2025,553,Daniel,Brighton,Paid,Celestial Industries,C013,Content Outreach,P008,Cable Management Tray,£20.00,1,£20.00,4%,£19.20,20%,£3.84,£23.04,£12.00,£12.00,£6.00,£6.00,20%,£1.20,£7.20,37.50%,£1.20,6.30%,31.20%
17/04/2025,684,Alexandra,Sheffield,Paid,Acme Corporation,C001,SEO,P005,Software License,£200.00,20,"£4,000.00",3%,"£3,880.00",20%,£776.00,"£4,656.00",£110.00,"£2,200.00", £-   , £-   ,0%, £-   ,"£1,680.00",43.30%,"£1,680.00",43.30%,0.00%
17/05/2025,230,Lisa,Nottingham,Shipping,Stellar Systems,C006,Content Outreach,P004,Data Storage Device,£70.00,15,"£1,050.00",3%,"£1,018.50",20%,£203.70,"£1,222.20",£30.00,£450.00,£8.00,£120.00,20%,£24.00,£568.50,55.80%,£448.50,44.00%,11.80%
17/05/2025,636,Dave,Birmingham,Paid,Mercury Industries,C023,SEO,P003,Network Switch,£130.00,1,£130.00,8%,£119.60,20%,£23.92,£143.52,£72.00,£72.00,£8.00,£8.00,20%,£1.60,£47.60,39.80%,£39.60,33.10%,6.70%
17/05/2025,668,Lisa,Sheffield,Shipping,AstroTech,C017,Referral,P004,Data Storage Device,£70.00,7,£490.00,7%,£455.70,20%,£91.14,£546.84,£30.00,£210.00,£8.00,£56.00,20%,£11.20,£245.70,53.90%,£189.70,41.60%,12.30%
17/05/2025,672,Lisa,Sheffield,Shipping,Acme Corporation,C001,Content Outreach,P004,Data Storage Device,£70.00,7,£490.00,5%,£465.50,20%,£93.10,£558.60,£30.00,£210.00,£8.00,£56.00,20%,£11.20,£255.50,54.90%,£199.50,42.90%,12.00%
17/07/2025,487,Sarah,Sheffield,Shipping,Cosmic Creations,C008,Referral,P003,Network Switch,£130.00,17,"£2,210.00",4%,"£2,121.60",20%,£424.32,"£2,545.92",£72.00,"£1,224.00",£8.00,£136.00,20%,£27.20,£897.60,42.30%,£761.60,35.90%,6.40%
17/07/2025,945,Alexandra,Manchester,Pending,AstroTech,C017,Events Outreach,P004,Data Storage Device,£70.00,13,£910.00,7%,£846.30,20%,£169.26,"£1,015.56",£30.00,£390.00,£8.00,£104.00,20%,£20.80,£456.30,53.90%,£352.30,41.60%,12.30%
17/08/2025,79,Lucas,Brighton,Paid,Celestial Industries,C013,Content Outreach,P005,Software License,£200.00,20,"£4,000.00",7%,"£3,720.00",20%,£744.00,"£4,464.00",£110.00,"£2,200.00", £-   , £-   ,0%, £-   ,"£1,520.00",40.90%,"£1,520.00",40.90%,0.00%
17/08/2025,254,Mark,Newcastle,Paid,Mercury Industries,C023,SEO,P006,Monitor Stand,£40.00,13,£520.00,8%,£478.40,20%,£95.68,£574.08,£24.00,£312.00,£7.00,£91.00,20%,£18.20,£166.40,34.80%,£75.40,15.80%,19.00%
17/08/2025,294,Daniel,Liverpool,Paid,Mercury Industries,C023,SEO,P008,Cable Management Tray,£20.00,1,£20.00,7%,£18.60,20%,£3.72,£22.32,£12.00,£12.00,£6.00,£6.00,20%,£1.20,£6.60,35.50%,£0.60,3.20%,32.30%
17/08/2025,578,Lucas,Bristol,Pending,Orion Enterprises,C015,Events Outreach,P002,Server Key,£150.00,4,£600.00,5%,£570.00,20%,£114.00,£684.00,£80.00,£320.00, £-   , £-   ,0%, £-   ,£250.00,43.90%,£250.00,43.90%,0.00%
17/08/2025,582,Lisa,Leeds,Shipping,Cosmos Creations,C020,SEO,P003,Network Switch,£130.00,2,£260.00,2%,£254.80,20%,£50.96,£305.76,£72.00,£144.00,£8.00,£16.00,20%,£3.20,£110.80,43.50%,£94.80,37.20%,6.30%
17/08/2025,879,Jack,Nottingham,Shipping,Infinity Innovations,C009,SEO,P003,Network Switch,£130.00,17,"£2,210.00",2%,"£2,165.80",20%,£433.16,"£2,598.96",£72.00,"£1,224.00",£8.00,£136.00,20%,£27.20,£941.80,43.50%,£805.80,37.20%,6.30%
17/09/2025,12,Jack,Leeds,Paid,Planetary Partners,C021,Events Outreach,P006,Monitor Stand,£40.00,10,£400.00,1%,£396.00,20%,£79.20,£475.20,£24.00,£240.00,£7.00,£70.00,20%,£14.00,£156.00,39.40%,£86.00,21.70%,17.70%
17/09/2025,228,Lisa,Bristol,Shipping,Planetary Partners,C021,Social Media Outreach,P010,Standing Desk,£530.00,10,"£5,300.00",2%,"£5,194.00",20%,"£1,038.80","£6,232.80",£360.00,"£3,600.00",£60.00,£600.00,20%,£120.00,"£1,594.00",30.70%,£994.00,19.10%,11.60%
17/09/2025,388,Sarah,Manchester,Pending,Nova Innovations,C018,Website,P009,Ergonomic Chair,£190.00,3,£570.00,8%,£524.40,20%,£104.88,£629.28,£115.00,£345.00,£45.00,£135.00,20%,£27.00,£179.40,34.20%,£44.40,8.50%,25.70%
17/11/2025,80,Alexandra,Brighton,Pending,Stellar Systems,C006,Content Outreach,P005,Software License,£200.00,17,"£3,400.00",8%,"£3,128.00",20%,£625.60,"£3,753.60",£110.00,"£1,870.00", £-   , £-   ,0%, £-   ,"£1,258.00",40.20%,"£1,258.00",40.20%,0.00%
17/11/2025,779,Dave,London,Paid,Supernova Solutions,C014,Social Media Outreach,P003,Network Switch,£130.00,5,£650.00,10%,£585.00,20%,£117.00,£702.00,£72.00,£360.00,£8.00,£40.00,20%,£8.00,£225.00,38.50%,£185.00,31.60%,6.90%
17/11/2025,940,Lucas,Leeds,Pending,Mercury Industries,C023,Referral,P001,Laptop,£220.00,19,"£4,180.00",3%,"£4,054.60",20%,£810.92,"£4,865.52",£140.00,"£2,660.00",£15.00,£285.00,20%,£57.00,"£1,394.60",34.40%,"£1,109.60",27.40%,7.00%
17/12/2025,42,Mark,Manchester,Shipping,Stellar Systems,C006,Referral,P006,Monitor Stand,£40.00,4,£160.00,2%,£156.80,20%,£31.36,£188.16,£24.00,£96.00,£7.00,£28.00,20%,£5.60,£60.80,38.80%,£32.80,20.90%,17.90%
17/12/2025,515,Dave,Manchester,Pending,Moonbeam Innovations,C005,Content Outreach,P009,Ergonomic Chair,£190.00,7,"£1,330.00",6%,"£1,250.20",20%,£250.04,"£1,500.24",£115.00,£805.00,£45.00,£315.00,20%,£63.00,£445.20,35.60%,£130.20,10.40%,25.20%
17/12/2025,609,Jack,London,Pending,Nebula Technologies,C007,Referral,P007,Keyboard Tray,£25.00,12,£300.00,5%,£285.00,20%,£57.00,£342.00,£14.00,£168.00,£7.00,£84.00,20%,£16.80,£117.00,41.10%,£33.00,11.60%,29.50%
18/02/2025,51,Daniel,Manchester,Pending,Acme Corporation,C001,Social Media Outreach,P004,Data Storage Device,£70.00,9,£630.00,5%,£598.50,20%,£119.70,£718.20,£30.00,£270.00,£8.00,£72.00,20%,£14.40,£328.50,54.90%,£256.50,42.90%,12.00%
18/02/2025,297,Daniel,Nottingham,Paid,Cosmic Creations,C008,SEO,P002,Server Key,£150.00,8,"£1,200.00",8%,"£1,104.00",20%,£220.80,"£1,324.80",£80.00,£640.00, £-   , £-   ,0%, £-   ,£464.00,42.00%,£464.00,42.00%,0.00%
18/02/2025,817,Jack,Manchester,Shipping,Acme Corporation,C001,Referral,P008,Cable Management Tray,£20.00,13,£260.00,2%,£254.80,20%,£50.96,£305.76,£12.00,£156.00,£6.00,£78.00,20%,£15.60,£98.80,38.80%,£20.80,8.20%,30.60%
18/02/2025,934,Dave,Newcastle,Shipping,Nebula Technologies,C007,Social Media Outreach,P006,Monitor Stand,£40.00,3,£120.00,10%,£108.00,20%,£21.60,£129.60,£24.00,£72.00,£7.00,£21.00,20%,£4.20,£36.00,33.30%,£15.00,13.90%,19.40%
18/03/2025,30,Alexandra,London,Paid,Saturn Solutions,C022,SEO,P006,Monitor Stand,£40.00,12,£480.00,6%,£451.20,20%,£90.24,£541.44,£24.00,£288.00,£7.00,£84.00,20%,£16.80,£163.20,36.20%,£79.20,17.60%,18.60%
18/03/2025,594,Lisa,Leeds,Pending,Orion Enterprises,C015,Content Outreach,P001,Laptop,£220.00,15,"£3,300.00",12%,"£2,904.00",20%,£580.80,"£3,484.80",£140.00,"£2,100.00",£15.00,£225.00,20%,£45.00,£804.00,27.70%,£579.00,19.90%,7.80%
18/03/2025,679,Jack,Nottingham,Pending,Nova Innovations,C018,SEO,P006,Monitor Stand,£40.00,15,£600.00,5%,£570.00,20%,£114.00,£684.00,£24.00,£360.00,£7.00,£105.00,20%,£21.00,£210.00,36.80%,£105.00,18.40%,18.40%
18/03/2025,863,Lisa,Leeds,Shipping,Aurora Enterprises,C010,SEO,P005,Software License,£200.00,2,£400.00,4%,£384.00,20%,£76.80,£460.80,£110.00,£220.00, £-   , £-   ,0%, £-   ,£164.00,42.70%,£164.00,42.70%,0.00%
18/03/2025,987,Dave,Sheffield,Shipping,Interstellar Enterprises,C019,Website,P004,Data Storage Device,£70.00,8,£560.00,4%,£537.60,20%,£107.52,£645.12,£30.00,£240.00,£8.00,£64.00,20%,£12.80,£297.60,55.40%,£233.60,43.50%,11.90%
18/04/2025,197,Dave,Newcastle,Shipping,Acme Corporation,C001,Events Outreach,P008,Cable Management Tray,£20.00,19,£380.00,2%,£372.40,20%,£74.48,£446.88,£12.00,£228.00,£6.00,£114.00,20%,£22.80,£144.40,38.80%,£30.40,8.20%,30.60%
18/04/2025,201,Dave,Liverpool,Paid,Nebula Technologies,C007,SEO,P004,Data Storage Device,£70.00,4,£280.00,7%,£260.40,20%,£52.08,£312.48,£30.00,£120.00,£8.00,£32.00,20%,£6.40,£140.40,53.90%,£108.40,41.60%,12.30%
18/04/2025,434,Lucas,Manchester,Pending,Infinity Innovations,C009,SEO,P004,Data Storage Device,£70.00,3,£210.00,7%,£195.30,20%,£39.06,£234.36,£30.00,£90.00,£8.00,£24.00,20%,£4.80,£105.30,53.90%,£81.30,41.60%,12.30%
18/05/2025,476,Lucas,Liverpool,Paid,Mars Enterprises,C025,Referral,P005,Software License,£200.00,12,"£2,400.00",2%,"£2,352.00",20%,£470.40,"£2,822.40",£110.00,"£1,320.00", £-   , £-   ,0%, £-   ,"£1,032.00",43.90%,"£1,032.00",43.90%,0.00%
18/05/2025,498,Daniel,Manchester,Pending,Moonbeam Innovations,C005,Referral,P004,Data Storage Device,£70.00,17,"£1,190.00",3%,"£1,154.30",20%,£230.86,"£1,385.16",£30.00,£510.00,£8.00,£136.00,20%,£27.20,£644.30,55.80%,£508.30,44.00%,11.80%
18/05/2025,585,Lisa,Birmingham,Shipping,Solar Solutions,C011,Referral,P004,Data Storage Device,£70.00,5,£350.00,3%,£339.50,20%,£67.90,£407.40,£30.00,£150.00,£8.00,£40.00,20%,£8.00,£189.50,55.80%,£149.50,44.00%,11.80%
18/06/2025,807,Mark,Brighton,Pending,Celestial Industries,C013,Referral,P007,Keyboard Tray,£25.00,13,£325.00,2%,£318.50,20%,£63.70,£382.20,£14.00,£182.00,£7.00,£91.00,20%,£18.20,£136.50,42.90%,£45.50,14.30%,28.60%
18/07/2025,495,Alexandra,Nottingham,Paid,Moonbeam Innovations,C005,Website,P004,Data Storage Device,£70.00,2,£140.00,6%,£131.60,20%,£26.32,£157.92,£30.00,£60.00,£8.00,£16.00,20%,£3.20,£71.60,54.40%,£55.60,42.20%,12.20%
18/07/2025,644,Jack,Birmingham,Paid,Nebula Technologies,C007,SEO,P004,Data Storage Device,£70.00,12,£840.00,2%,£823.20,20%,£164.64,£987.84,£30.00,£360.00,£8.00,£96.00,20%,£19.20,£463.20,56.30%,£367.20,44.60%,11.70%
18/07/2025,836,Dave,London,Shipping,Orion Enterprises,C015,Content Outreach,P007,Keyboard Tray,£25.00,8,£200.00,6%,£188.00,20%,£37.60,£225.60,£14.00,£112.00,£7.00,£56.00,20%,£11.20,£76.00,40.40%,£20.00,10.60%,29.80%
18/07/2025,909,Lucas,Leeds,Pending,Supernova Solutions,C014,Content Outreach,P010,Standing Desk,£530.00,16,"£8,480.00",3%,"£8,225.60",20%,"£1,645.12","£9,870.72",£360.00,"£5,760.00",£60.00,£960.00,20%,£192.00,"£2,465.60",30.00%,"£1,505.60",18.30%,11.70%
18/08/2025,186,Lisa,Sheffield,Shipping,Mercury Industries,C023,Website,P005,Software License,£200.00,11,"£2,200.00",7%,"£2,046.00",20%,£409.20,"£2,455.20",£110.00,"£1,210.00", £-   , £-   ,0%, £-   ,£836.00,40.90%,£836.00,40.90%,0.00%
18/08/2025,336,Jack,Liverpool,Shipping,Lunar Labs,C012,Events Outreach,P004,Data Storage Device,£70.00,10,£700.00,4%,£672.00,20%,£134.40,£806.40,£30.00,£300.00,£8.00,£80.00,20%,£16.00,£372.00,55.40%,£292.00,43.50%,11.90%
18/08/2025,421,Alexandra,Bristol,Shipping,Galactic Enterprises,C003,Referral,P008,Cable Management Tray,£20.00,7,£140.00,8%,£128.80,20%,£25.76,£154.56,£12.00,£84.00,£6.00,£42.00,20%,£8.40,£44.80,34.80%,£2.80,2.20%,32.60%
18/09/2025,182,Dave,Brighton,Paid,Sunrise Solutions,C004,Content Outreach,P005,Software License,£200.00,10,"£2,000.00",3%,"£1,940.00",20%,£388.00,"£2,328.00",£110.00,"£1,100.00", £-   , £-   ,0%, £-   ,£840.00,43.30%,£840.00,43.30%,0.00%
18/09/2025,441,Lucas,Newcastle,Pending,Saturn Solutions,C022,SEO,P005,Software License,£200.00,4,£800.00,10%,£720.00,20%,£144.00,£864.00,£110.00,£440.00, £-   , £-   ,0%, £-   ,£280.00,38.90%,£280.00,38.90%,0.00%
18/09/2025,671,Lisa,Manchester,Pending,Saturn Solutions,C022,Content Outreach,P004,Data Storage Device,£70.00,4,£280.00,5%,£266.00,20%,£53.20,£319.20,£30.00,£120.00,£8.00,£32.00,20%,£6.40,£146.00,54.90%,£114.00,42.90%,12.00%
18/09/2025,942,Lisa,Newcastle,Pending,Acme Corporation,C001,Content Outreach,P006,Monitor Stand,£40.00,17,£680.00,1%,£673.20,20%,£134.64,£807.84,£24.00,£408.00,£7.00,£119.00,20%,£23.80,£265.20,39.40%,£146.20,21.70%,17.70%
18/10/2025,6,Jack,Leeds,Paid,Orion Enterprises,C015,SEO,P007,Keyboard Tray,£25.00,6,£150.00,8%,£138.00,20%,£27.60,£165.60,£14.00,£84.00,£7.00,£42.00,20%,£8.40,£54.00,39.10%,£12.00,8.70%,30.40%
18/10/2025,912,Mark,Leeds,Shipping,Solar Solutions,C011,Social Media Outreach,P006,Monitor Stand,£40.00,12,£480.00,3%,£465.60,20%,£93.12,£558.72,£24.00,£288.00,£7.00,£84.00,20%,£16.80,£177.60,38.10%,£93.60,20.10%,18.00%
18/11/2025,469,Sarah,Liverpool,Pending,Solar Solutions,C011,Referral,P008,Cable Management Tray,£20.00,16,£320.00,10%,£288.00,20%,£57.60,£345.60,£12.00,£192.00,£6.00,£96.00,20%,£19.20,£96.00,33.30%, £-   ,0.00%,33.30%
18/11/2025,744,Sarah,Birmingham,Pending,Solar Solutions,C011,SEO,P009,Ergonomic Chair,£190.00,7,"£1,330.00",7%,"£1,236.90",20%,£247.38,"£1,484.28",£115.00,£805.00,£45.00,£315.00,20%,£63.00,£431.90,34.90%,£116.90,9.50%,25.40%
18/12/2025,314,Lucas,Birmingham,Paid,Sunrise Solutions,C004,Referral,P001,Laptop,£220.00,19,"£4,180.00",10%,"£3,762.00",20%,£752.40,"£4,514.40",£140.00,"£2,660.00",£15.00,£285.00,20%,£57.00,"£1,102.00",29.30%,£817.00,21.70%,7.60%
18/12/2025,545,Sarah,Manchester,Pending,AstroTech,C017,SEO,P005,Software License,£200.00,15,"£3,000.00",8%,"£2,760.00",20%,£552.00,"£3,312.00",£110.00,"£1,650.00", £-   , £-   ,0%, £-   ,"£1,110.00",40.20%,"£1,110.00",40.20%,0.00%
18/12/2025,559,Dave,Newcastle,Paid,Aurora Enterprises,C010,Content Outreach,P005,Software License,£200.00,17,"£3,400.00",2%,"£3,332.00",20%,£666.40,"£3,998.40",£110.00,"£1,870.00", £-   , £-   ,0%, £-   ,"£1,462.00",43.90%,"£1,462.00",43.90%,0.00%
18/12/2025,608,Lucas,Nottingham,Shipping,Orion Enterprises,C015,SEO,P006,Monitor Stand,£40.00,19,£760.00,6%,£714.40,20%,£142.88,£857.28,£24.00,£456.00,£7.00,£133.00,20%,£26.60,£258.40,36.20%,£125.40,17.60%,18.60%
18/12/2025,687,Alexandra,Brighton,Shipping,Supernova Solutions,C014,Content Outreach,P006,Monitor Stand,£40.00,8,£320.00,12%,£281.60,20%,£56.32,£337.92,£24.00,£192.00,£7.00,£56.00,20%,£11.20,£89.60,31.80%,£33.60,11.90%,19.90%
18/12/2025,747,Lucas,Bristol,Shipping,Aurora Enterprises,C010,Social Media Outreach,P009,Ergonomic Chair,£190.00,3,£570.00,5%,£541.50,20%,£108.30,£649.80,£115.00,£345.00,£45.00,£135.00,20%,£27.00,£196.50,36.30%,£61.50,11.40%,24.90%
18/12/2025,867,Alexandra,Sheffield,Pending,Galactic Enterprises,C003,Website,P006,Monitor Stand,£40.00,7,£280.00,6%,£263.20,20%,£52.64,£315.84,£24.00,£168.00,£7.00,£49.00,20%,£9.80,£95.20,36.20%,£46.20,17.60%,18.60%
19/01/2025,730,Lisa,Brighton,Pending,Infinity Innovations,C009,Website,P009,Ergonomic Chair,£190.00,4,£760.00,7%,£706.80,20%,£141.36,£848.16,£115.00,£460.00,£45.00,£180.00,20%,£36.00,£246.80,34.90%,£66.80,9.50%,25.40%
19/01/2025,782,Sarah,Bristol,Paid,Infinity Innovations,C009,SEO,P001,Laptop,£220.00,2,£440.00,10%,£396.00,20%,£79.20,£475.20,£140.00,£280.00,£15.00,£30.00,20%,£6.00,£116.00,29.30%,£86.00,21.70%,7.60%
19/01/2025,960,Lucas,Newcastle,Shipping,Planetary Partners,C021,Referral,P004,Data Storage Device,£70.00,14,£980.00,6%,£921.20,20%,£184.24,"£1,105.44",£30.00,£420.00,£8.00,£112.00,20%,£22.40,£501.20,54.40%,£389.20,42.20%,12.20%
19/02/2025,29,Jack,Liverpool,Pending,Mercury Industries,C023,Referral,P006,Monitor Stand,£40.00,7,£280.00,6%,£263.20,20%,£52.64,£315.84,£24.00,£168.00,£7.00,£49.00,20%,£9.80,£95.20,36.20%,£46.20,17.60%,18.60%
19/02/2025,112,Dave,Newcastle,Paid,Stellar Systems,C006,Social Media Outreach,P003,Network Switch,£130.00,6,£780.00,6%,£733.20,20%,£146.64,£879.84,£72.00,£432.00,£8.00,£48.00,20%,£9.60,£301.20,41.10%,£253.20,34.50%,6.60%
19/02/2025,800,Dave,Liverpool,Shipping,Nebula Technologies,C007,SEO,P006,Monitor Stand,£40.00,17,£680.00,10%,£612.00,20%,£122.40,£734.40,£24.00,£408.00,£7.00,£119.00,20%,£23.80,£204.00,33.30%,£85.00,13.90%,19.40%
19/02/2025,914,Alexandra,Nottingham,Shipping,Acme Corporation,C001,Content Outreach,P010,Standing Desk,£530.00,9,"£4,770.00",7%,"£4,436.10",20%,£887.22,"£5,323.32",£360.00,"£3,240.00",£60.00,£540.00,20%,£108.00,"£1,196.10",27.00%,£656.10,14.80%,12.20%
19/03/2025,62,Dave,Liverpool,Pending,Aurora Enterprises,C010,SEO,P006,Monitor Stand,£40.00,13,£520.00,7%,£483.60,20%,£96.72,£580.32,£24.00,£312.00,£7.00,£91.00,20%,£18.20,£171.60,35.50%,£80.60,16.70%,18.80%
19/03/2025,738,Jack,Leeds,Pending,Sunrise Solutions,C004,Events Outreach,P007,Keyboard Tray,£25.00,2,£50.00,10%,£45.00,20%,£9.00,£54.00,£14.00,£28.00,£7.00,£14.00,20%,£2.80,£17.00,37.80%,£3.00,6.70%,31.10%
19/05/2025,274,Daniel,Newcastle,Pending,Nova Innovations,C018,Referral,P009,Ergonomic Chair,£190.00,8,"£1,520.00",4%,"£1,459.20",20%,£291.84,"£1,751.04",£115.00,£920.00,£45.00,£360.00,20%,£72.00,£539.20,37.00%,£179.20,12.30%,24.70%
19/05/2025,512,Lucas,Birmingham,Paid,AstroTech,C017,SEO,P010,Standing Desk,£530.00,20,"£10,600.00",8%,"£9,752.00",20%,"£1,950.40","£11,702.40",£360.00,"£7,200.00",£60.00,"£1,200.00",20%,£240.00,"£2,552.00",26.20%,"£1,352.00",13.90%,12.30%
19/06/2025,277,Lisa,Liverpool,Shipping,Aurora Enterprises,C010,Referral,P006,Monitor Stand,£40.00,18,£720.00,6%,£676.80,20%,£135.36,£812.16,£24.00,£432.00,£7.00,£126.00,20%,£25.20,£244.80,36.20%,£118.80,17.60%,18.60%
19/06/2025,691,Lisa,Bristol,Shipping,Cosmic Creations,C008,Referral,P006,Monitor Stand,£40.00,13,£520.00,3%,£504.40,20%,£100.88,£605.28,£24.00,£312.00,£7.00,£91.00,20%,£18.20,£192.40,38.10%,£101.40,20.10%,18.00%
19/06/2025,717,Lisa,Manchester,Pending,Supernova Solutions,C014,Content Outreach,P007,Keyboard Tray,£25.00,12,£300.00,10%,£270.00,20%,£54.00,£324.00,£14.00,£168.00,£7.00,£84.00,20%,£16.80,£102.00,37.80%,£18.00,6.70%,31.10%
19/06/2025,933,Jack,Birmingham,Paid,Nova Innovations,C018,SEO,P005,Software License,£200.00,3,£600.00,5%,£570.00,20%,£114.00,£684.00,£110.00,£330.00, £-   , £-   ,0%, £-   ,£240.00,42.10%,£240.00,42.10%,0.00%
19/07/2025,801,Alexandra,Sheffield,Pending,Solar Solutions,C011,Content Outreach,P002,Server Key,£150.00,15,"£2,250.00",4%,"£2,160.00",20%,£432.00,"£2,592.00",£80.00,"£1,200.00", £-   , £-   ,0%, £-   ,£960.00,44.40%,£960.00,44.40%,0.00%
19/08/2025,465,Daniel,Manchester,Pending,Starlight Industries,C002,Website,P010,Standing Desk,£530.00,1,£530.00,7%,£492.90,20%,£98.58,£591.48,£360.00,£360.00,£60.00,£60.00,20%,£12.00,£132.90,27.00%,£72.90,14.80%,12.20%
19/08/2025,651,Jack,Manchester,Paid,Galactic Enterprises,C003,Referral,P006,Monitor Stand,£40.00,20,£800.00,7%,£744.00,20%,£148.80,£892.80,£24.00,£480.00,£7.00,£140.00,20%,£28.00,£264.00,35.50%,£124.00,16.70%,18.80%
19/08/2025,660,Dave,Liverpool,Shipping,Orion Enterprises,C015,Events Outreach,P007,Keyboard Tray,£25.00,6,£150.00,3%,£145.50,20%,£29.10,£174.60,£14.00,£84.00,£7.00,£42.00,20%,£8.40,£61.50,42.30%,£19.50,13.40%,28.90%
19/09/2025,592,Dave,Birmingham,Shipping,Mercury Industries,C023,Events Outreach,P006,Monitor Stand,£40.00,2,£80.00,5%,£76.00,20%,£15.20,£91.20,£24.00,£48.00,£7.00,£14.00,20%,£2.80,£28.00,36.80%,£14.00,18.40%,18.40%
19/09/2025,710,Lisa,Bristol,Pending,Mars Enterprises,C025,SEO,P006,Monitor Stand,£40.00,16,£640.00,5%,£608.00,20%,£121.60,£729.60,£24.00,£384.00,£7.00,£112.00,20%,£22.40,£224.00,36.80%,£112.00,18.40%,18.40%
19/09/2025,970,Lucas,Manchester,Shipping,Aurora Enterprises,C010,SEO,P006,Monitor Stand,£40.00,11,£440.00,3%,£426.80,20%,£85.36,£512.16,£24.00,£264.00,£7.00,£77.00,20%,£15.40,£162.80,38.10%,£85.80,20.10%,18.00%
19/11/2025,422,Alexandra,London,Paid,Planetary Partners,C021,Content Outreach,P003,Network Switch,£130.00,17,"£2,210.00",6%,"£2,077.40",20%,£415.48,"£2,492.88",£72.00,"£1,224.00",£8.00,£136.00,20%,£27.20,£853.40,41.10%,£717.40,34.50%,6.60%
19/11/2025,458,Lisa,Newcastle,Pending,Mars Enterprises,C025,Content Outreach,P004,Data Storage Device,£70.00,5,£350.00,2%,£343.00,20%,£68.60,£411.60,£30.00,£150.00,£8.00,£40.00,20%,£8.00,£193.00,56.30%,£153.00,44.60%,11.70%
19/11/2025,540,Sarah,Bristol,Pending,Mercury Industries,C023,Social Media Outreach,P010,Standing Desk,£530.00,6,"£3,180.00",3%,"£3,084.60",20%,£616.92,"£3,701.52",£360.00,"£2,160.00",£60.00,£360.00,20%,£72.00,£924.60,30.00%,£564.60,18.30%,11.70%
19/11/2025,950,Mark,Birmingham,Pending,Nova Innovations,C018,Events Outreach,P009,Ergonomic Chair,£190.00,8,"£1,520.00",5%,"£1,444.00",20%,£288.80,"£1,732.80",£115.00,£920.00,£45.00,£360.00,20%,£72.00,£524.00,36.30%,£164.00,11.40%,24.90%
19/12/2025,341,Mark,Nottingham,Shipping,Cosmos Creations,C020,SEO,P006,Monitor Stand,£40.00,20,£800.00,7%,£744.00,20%,£148.80,£892.80,£24.00,£480.00,£7.00,£140.00,20%,£28.00,£264.00,35.50%,£124.00,16.70%,18.80%
19/12/2025,903,Dave,Sheffield,Shipping,Aurora Enterprises,C010,Social Media Outreach,P002,Server Key,£150.00,15,"£2,250.00",10%,"£2,025.00",20%,£405.00,"£2,430.00",£80.00,"£1,200.00", £-   , £-   ,0%, £-   ,£825.00,40.70%,£825.00,40.70%,0.00%
20/01/2025,316,Mark,Bristol,Shipping,Comet Corporation,C016,Content Outreach,P001,Laptop,£220.00,20,"£4,400.00",8%,"£4,048.00",20%,£809.60,"£4,857.60",£140.00,"£2,800.00",£15.00,£300.00,20%,£60.00,"£1,248.00",30.80%,£948.00,23.40%,7.40%
20/01/2025,563,Mark,Manchester,Pending,Supernova Solutions,C014,Referral,P003,Network Switch,£130.00,2,£260.00,12%,£228.80,20%,£45.76,£274.56,£72.00,£144.00,£8.00,£16.00,20%,£3.20,£84.80,37.10%,£68.80,30.10%,7.00%
20/01/2025,772,Sarah,Nottingham,Pending,Moonbeam Innovations,C005,Social Media Outreach,P004,Data Storage Device,£70.00,1,£70.00,5%,£66.50,20%,£13.30,£79.80,£30.00,£30.00,£8.00,£8.00,20%,£1.60,£36.50,54.90%,£28.50,42.90%,12.00%
20/02/2025,386,Alexandra,Newcastle,Shipping,Saturn Solutions,C022,SEO,P007,Keyboard Tray,£25.00,2,£50.00,5%,£47.50,20%,£9.50,£57.00,£14.00,£28.00,£7.00,£14.00,20%,£2.80,£19.50,41.10%,£5.50,11.60%,29.50%
20/02/2025,415,Alexandra,Brighton,Pending,Comet Corporation,C016,SEO,P007,Keyboard Tray,£25.00,20,£500.00,1%,£495.00,20%,£99.00,£594.00,£14.00,£280.00,£7.00,£140.00,20%,£28.00,£215.00,43.40%,£75.00,15.20%,28.20%
20/02/2025,590,Jack,Brighton,Paid,Mercury Industries,C023,Social Media Outreach,P008,Cable Management Tray,£20.00,6,£120.00,2%,£117.60,20%,£23.52,£141.12,£12.00,£72.00,£6.00,£36.00,20%,£7.20,£45.60,38.80%,£9.60,8.20%,30.60%
20/02/2025,614,Lisa,Liverpool,Shipping,Celestial Industries,C013,SEO,P006,Monitor Stand,£40.00,6,£240.00,10%,£216.00,20%,£43.20,£259.20,£24.00,£144.00,£7.00,£42.00,20%,£8.40,£72.00,33.30%,£30.00,13.90%,19.40%
20/02/2025,861,Mark,London,Paid,Stellar Systems,C006,Content Outreach,P002,Server Key,£150.00,15,"£2,250.00",2%,"£2,205.00",20%,£441.00,"£2,646.00",£80.00,"£1,200.00", £-   , £-   ,0%, £-   ,"£1,005.00",45.60%,"£1,005.00",45.60%,0.00%
20/02/2025,872,Lisa,London,Paid,Supernova Solutions,C014,SEO,P009,Ergonomic Chair,£190.00,19,"£3,610.00",10%,"£3,249.00",20%,£649.80,"£3,898.80",£115.00,"£2,185.00",£45.00,£855.00,20%,£171.00,"£1,064.00",32.70%,£209.00,6.40%,26.30%
20/03/2025,586,Lisa,Birmingham,Shipping,Orion Enterprises,C015,SEO,P001,Laptop,£220.00,14,"£3,080.00",5%,"£2,926.00",20%,£585.20,"£3,511.20",£140.00,"£1,960.00",£15.00,£210.00,20%,£42.00,£966.00,33.00%,£756.00,25.80%,7.20%
20/05/2025,409,Lucas,Birmingham,Shipping,AstroTech,C017,Website,P004,Data Storage Device,£70.00,17,"£1,190.00",8%,"£1,094.80",20%,£218.96,"£1,313.76",£30.00,£510.00,£8.00,£136.00,20%,£27.20,£584.80,53.40%,£448.80,41.00%,12.40%
20/05/2025,494,Alexandra,Birmingham,Pending,Starlight Industries,C002,SEO,P004,Data Storage Device,£70.00,8,£560.00,6%,£526.40,20%,£105.28,£631.68,£30.00,£240.00,£8.00,£64.00,20%,£12.80,£286.40,54.40%,£222.40,42.20%,12.20%
20/05/2025,769,Dave,Brighton,Pending,Orion Enterprises,C015,Social Media Outreach,P009,Ergonomic Chair,£190.00,19,"£3,610.00",10%,"£3,249.00",20%,£649.80,"£3,898.80",£115.00,"£2,185.00",£45.00,£855.00,20%,£171.00,"£1,064.00",32.70%,£209.00,6.40%,26.30%
20/05/2025,811,Dave,Brighton,Pending,Lunar Labs,C012,Social Media Outreach,P006,Monitor Stand,£40.00,7,£280.00,12%,£246.40,20%,£49.28,£295.68,£24.00,£168.00,£7.00,£49.00,20%,£9.80,£78.40,31.80%,£29.40,11.90%,19.90%
20/05/2025,926,Daniel,Sheffield,Pending,Planetary Partners,C021,SEO,P006,Monitor Stand,£40.00,13,£520.00,3%,£504.40,20%,£100.88,£605.28,£24.00,£312.00,£7.00,£91.00,20%,£18.20,£192.40,38.10%,£101.40,20.10%,18.00%
20/06/2025,16,Jack,Brighton,Shipping,Supernova Solutions,C014,SEO,P006,Monitor Stand,£40.00,5,£200.00,8%,£184.00,20%,£36.80,£220.80,£24.00,£120.00,£7.00,£35.00,20%,£7.00,£64.00,34.80%,£29.00,15.80%,19.00%
20/06/2025,244,Sarah,Brighton,Shipping,Interstellar Enterprises,C019,Referral,P007,Keyboard Tray,£25.00,8,£200.00,3%,£194.00,20%,£38.80,£232.80,£14.00,£112.00,£7.00,£56.00,20%,£11.20,£82.00,42.30%,£26.00,13.40%,28.90%
20/06/2025,375,Jack,London,Pending,Sunrise Solutions,C004,Referral,P009,Ergonomic Chair,£190.00,12,"£2,280.00",5%,"£2,166.00",20%,£433.20,"£2,599.20",£115.00,"£1,380.00",£45.00,£540.00,20%,£108.00,£786.00,36.30%,£246.00,11.40%,24.90%
20/06/2025,514,Sarah,Liverpool,Paid,Planetary Partners,C021,Referral,P009,Ergonomic Chair,£190.00,16,"£3,040.00",8%,"£2,796.80",20%,£559.36,"£3,356.16",£115.00,"£1,840.00",£45.00,£720.00,20%,£144.00,£956.80,34.20%,£236.80,8.50%,25.70%
20/06/2025,602,Sarah,Leeds,Pending,Cosmos Creations,C020,SEO,P006,Monitor Stand,£40.00,11,£440.00,3%,£426.80,20%,£85.36,£512.16,£24.00,£264.00,£7.00,£77.00,20%,£15.40,£162.80,38.10%,£85.80,20.10%,18.00%
20/07/2025,192,Lucas,Bristol,Pending,Stellar Systems,C006,SEO,P006,Monitor Stand,£40.00,16,£640.00,8%,£588.80,20%,£117.76,£706.56,£24.00,£384.00,£7.00,£112.00,20%,£22.40,£204.80,34.80%,£92.80,15.80%,19.00%
20/07/2025,491,Daniel,Newcastle,Pending,Mercury Industries,C023,Content Outreach,P004,Data Storage Device,£70.00,2,£140.00,4%,£134.40,20%,£26.88,£161.28,£30.00,£60.00,£8.00,£16.00,20%,£3.20,£74.40,55.40%,£58.40,43.50%,11.90%
20/07/2025,534,Jack,Nottingham,Paid,Cosmic Creations,C008,Content Outreach,P002,Server Key,£150.00,19,"£2,850.00",10%,"£2,565.00",20%,£513.00,"£3,078.00",£80.00,"£1,520.00", £-   , £-   ,0%, £-   ,"£1,045.00",40.70%,"£1,045.00",40.70%,0.00%
20/07/2025,792,Jack,Newcastle,Shipping,AstroTech,C017,Social Media Outreach,P004,Data Storage Device,£70.00,10,£700.00,7%,£651.00,20%,£130.20,£781.20,£30.00,£300.00,£8.00,£80.00,20%,£16.00,£351.00,53.90%,£271.00,41.60%,12.30%
20/07/2025,993,Alexandra,Sheffield,Pending,Comet Corporation,C016,Content Outreach,P009,Ergonomic Chair,£190.00,17,"£3,230.00",2%,"£3,165.40",20%,£633.08,"£3,798.48",£115.00,"£1,955.00",£45.00,£765.00,20%,£153.00,"£1,210.40",38.20%,£445.40,14.10%,24.10%
20/08/2025,455,Sarah,Nottingham,Pending,Venus Ventures,C024,Referral,P006,Monitor Stand,£40.00,4,£160.00,5%,£152.00,20%,£30.40,£182.40,£24.00,£96.00,£7.00,£28.00,20%,£5.60,£56.00,36.80%,£28.00,18.40%,18.40%
20/08/2025,901,Mark,Brighton,Paid,Orion Enterprises,C015,Referral,P003,Network Switch,£130.00,14,"£1,820.00",3%,"£1,765.40",20%,£353.08,"£2,118.48",£72.00,"£1,008.00",£8.00,£112.00,20%,£22.40,£757.40,42.90%,£645.40,36.60%,6.30%
20/09/2025,138,Lisa,Nottingham,Paid,Supernova Solutions,C014,Website,P010,Standing Desk,£530.00,7,"£3,710.00",5%,"£3,524.50",20%,£704.90,"£4,229.40",£360.00,"£2,520.00",£60.00,£420.00,20%,£84.00,"£1,004.50",28.50%,£584.50,16.60%,11.90%
20/09/2025,240,Lucas,London,Pending,Solar Solutions,C011,SEO,P009,Ergonomic Chair,£190.00,18,"£3,420.00",9%,"£3,112.20",20%,£622.44,"£3,734.64",£115.00,"£2,070.00",£45.00,£810.00,20%,£162.00,"£1,042.20",33.50%,£232.20,7.50%,26.00%
20/09/2025,284,Alexandra,Bristol,Pending,Comet Corporation,C016,SEO,P006,Monitor Stand,£40.00,12,£480.00,12%,£422.40,20%,£84.48,£506.88,£24.00,£288.00,£7.00,£84.00,20%,£16.80,£134.40,31.80%,£50.40,11.90%,19.90%
20/09/2025,623,Dave,Sheffield,Shipping,Moonbeam Innovations,C005,Referral,P007,Keyboard Tray,£25.00,7,£175.00,5%,£166.25,20%,£33.25,£199.50,£14.00,£98.00,£7.00,£49.00,20%,£9.80,£68.25,41.10%,£19.25,11.60%,29.50%
20/09/2025,693,Lucas,Brighton,Shipping,Stellar Systems,C006,SEO,P009,Ergonomic Chair,£190.00,4,£760.00,2%,£744.80,20%,£148.96,£893.76,£115.00,£460.00,£45.00,£180.00,20%,£36.00,£284.80,38.20%,£104.80,14.10%,24.10%
20/09/2025,832,Sarah,Leeds,Shipping,Solar Solutions,C011,SEO,P007,Keyboard Tray,£25.00,11,£275.00,4%,£264.00,20%,£52.80,£316.80,£14.00,£154.00,£7.00,£77.00,20%,£15.40,£110.00,41.70%,£33.00,12.50%,29.20%
20/10/2025,137,Dave,Leeds,Paid,Orion Enterprises,C015,Referral,P010,Standing Desk,£530.00,3,"£1,590.00",3%,"£1,542.30",20%,£308.46,"£1,850.76",£360.00,"£1,080.00",£60.00,£180.00,20%,£36.00,£462.30,30.00%,£282.30,18.30%,11.70%
20/10/2025,704,Sarah,Birmingham,Shipping,Saturn Solutions,C022,SEO,P006,Monitor Stand,£40.00,4,£160.00,4%,£153.60,20%,£30.72,£184.32,£24.00,£96.00,£7.00,£28.00,20%,£5.60,£57.60,37.50%,£29.60,19.30%,18.20%
20/11/2025,37,Lisa,Bristol,Pending,Aurora Enterprises,C010,Referral,P009,Ergonomic Chair,£190.00,4,£760.00,8%,£699.20,20%,£139.84,£839.04,£115.00,£460.00,£45.00,£180.00,20%,£36.00,£239.20,34.20%,£59.20,8.50%,25.70%
20/11/2025,177,Dave,Leeds,Paid,Nova Innovations,C018,Events Outreach,P006,Monitor Stand,£40.00,2,£80.00,4%,£76.80,20%,£15.36,£92.16,£24.00,£48.00,£7.00,£14.00,20%,£2.80,£28.80,37.50%,£14.80,19.30%,18.20%
20/11/2025,291,Daniel,Nottingham,Paid,Planetary Partners,C021,SEO,P006,Monitor Stand,£40.00,4,£160.00,1%,£158.40,20%,£31.68,£190.08,£24.00,£96.00,£7.00,£28.00,20%,£5.60,£62.40,39.40%,£34.40,21.70%,17.70%
20/11/2025,565,Alexandra,Brighton,Pending,Solar Solutions,C011,Website,P008,Cable Management Tray,£20.00,3,£60.00,10%,£54.00,20%,£10.80,£64.80,£12.00,£36.00,£6.00,£18.00,20%,£3.60,£18.00,33.30%, £-   ,0.00%,33.30%
20/11/2025,758,Mark,Leeds,Shipping,Starlight Industries,C002,SEO,P005,Software License,£200.00,14,"£2,800.00",5%,"£2,660.00",20%,£532.00,"£3,192.00",£110.00,"£1,540.00", £-   , £-   ,0%, £-   ,"£1,120.00",42.10%,"£1,120.00",42.10%,0.00%
20/11/2025,899,Sarah,Nottingham,Pending,Solar Solutions,C011,SEO,P006,Monitor Stand,£40.00,16,£640.00,7%,£595.20,20%,£119.04,£714.24,£24.00,£384.00,£7.00,£112.00,20%,£22.40,£211.20,35.50%,£99.20,16.70%,18.80%
20/12/2025,917,Mark,Newcastle,Pending,Mercury Industries,C023,Social Media Outreach,P004,Data Storage Device,£70.00,19,"£1,330.00",8%,"£1,223.60",20%,£244.72,"£1,468.32",£30.00,£570.00,£8.00,£152.00,20%,£30.40,£653.60,53.40%,£501.60,41.00%,12.40%
21/01/2025,733,Daniel,Bristol,Pending,Starlight Industries,C002,SEO,P002,Server Key,£150.00,17,"£2,550.00",5%,"£2,422.50",20%,£484.50,"£2,907.00",£80.00,"£1,360.00", £-   , £-   ,0%, £-   ,"£1,062.50",43.90%,"£1,062.50",43.90%,0.00%
21/01/2025,856,Mark,Brighton,Paid,Venus Ventures,C024,Events Outreach,P010,Standing Desk,£530.00,5,"£2,650.00",6%,"£2,491.00",20%,£498.20,"£2,989.20",£360.00,"£1,800.00",£60.00,£300.00,20%,£60.00,£691.00,27.70%,£391.00,15.70%,12.00%
21/02/2025,214,Sarah,Birmingham,Pending,Moonbeam Innovations,C005,SEO,P004,Data Storage Device,£70.00,1,£70.00,5%,£66.50,20%,£13.30,£79.80,£30.00,£30.00,£8.00,£8.00,20%,£1.60,£36.50,54.90%,£28.50,42.90%,12.00%
21/02/2025,558,Lisa,London,Shipping,Venus Ventures,C024,Referral,P010,Standing Desk,£530.00,15,"£7,950.00",7%,"£7,393.50",20%,"£1,478.70","£8,872.20",£360.00,"£5,400.00",£60.00,£900.00,20%,£180.00,"£1,993.50",27.00%,"£1,093.50",14.80%,12.20%
21/02/2025,869,Lisa,Sheffield,Shipping,Acme Corporation,C001,Referral,P010,Standing Desk,£530.00,17,"£9,010.00",2%,"£8,829.80",20%,"£1,765.96","£10,595.76",£360.00,"£6,120.00",£60.00,"£1,020.00",20%,£204.00,"£2,709.80",30.70%,"£1,689.80",19.10%,11.60%
21/02/2025,951,Daniel,Leeds,Pending,Saturn Solutions,C022,Referral,P010,Standing Desk,£530.00,9,"£4,770.00",5%,"£4,531.50",20%,£906.30,"£5,437.80",£360.00,"£3,240.00",£60.00,£540.00,20%,£108.00,"£1,291.50",28.50%,£751.50,16.60%,11.90%
21/03/2025,285,Daniel,Leeds,Shipping,Supernova Solutions,C014,Content Outreach,P009,Ergonomic Chair,£190.00,20,"£3,800.00",8%,"£3,496.00",20%,£699.20,"£4,195.20",£115.00,"£2,300.00",£45.00,£900.00,20%,£180.00,"£1,196.00",34.20%,£296.00,8.50%,25.70%
21/03/2025,473,Dave,Leeds,Shipping,Saturn Solutions,C022,Content Outreach,P007,Keyboard Tray,£25.00,17,£425.00,5%,£403.75,20%,£80.75,£484.50,£14.00,£238.00,£7.00,£119.00,20%,£23.80,£165.75,41.10%,£46.75,11.60%,29.50%
21/03/2025,708,Lucas,Nottingham,Pending,Sunrise Solutions,C004,Events Outreach,P004,Data Storage Device,£70.00,9,£630.00,4%,£604.80,20%,£120.96,£725.76,£30.00,£270.00,£8.00,£72.00,20%,£14.40,£334.80,55.40%,£262.80,43.50%,11.90%
21/03/2025,959,Jack,Birmingham,Shipping,Saturn Solutions,C022,Events Outreach,P006,Monitor Stand,£40.00,15,£600.00,6%,£564.00,20%,£112.80,£676.80,£24.00,£360.00,£7.00,£105.00,20%,£21.00,£204.00,36.20%,£99.00,17.60%,18.60%
21/04/2025,619,Sarah,Newcastle,Shipping,Celestial Industries,C013,SEO,P009,Ergonomic Chair,£190.00,4,£760.00,6%,£714.40,20%,£142.88,£857.28,£115.00,£460.00,£45.00,£180.00,20%,£36.00,£254.40,35.60%,£74.40,10.40%,25.20%
21/05/2025,213,Jack,Leeds,Shipping,Comet Corporation,C016,SEO,P009,Ergonomic Chair,£190.00,20,"£3,800.00",3%,"£3,686.00",20%,£737.20,"£4,423.20",£115.00,"£2,300.00",£45.00,£900.00,20%,£180.00,"£1,386.00",37.60%,£486.00,13.20%,24.40%
21/05/2025,955,Jack,London,Pending,Orion Enterprises,C015,SEO,P006,Monitor Stand,£40.00,12,£480.00,10%,£432.00,20%,£86.40,£518.40,£24.00,£288.00,£7.00,£84.00,20%,£16.80,£144.00,33.30%,£60.00,13.90%,19.40%
21/06/2025,579,Lucas,Leeds,Shipping,Starlight Industries,C002,Referral,P006,Monitor Stand,£40.00,20,£800.00,5%,£760.00,20%,£152.00,£912.00,£24.00,£480.00,£7.00,£140.00,20%,£28.00,£280.00,36.80%,£140.00,18.40%,18.40%
21/06/2025,725,Mark,Sheffield,Paid,Acme Corporation,C001,SEO,P001,Laptop,£220.00,11,"£2,420.00",1%,"£2,395.80",20%,£479.16,"£2,874.96",£140.00,"£1,540.00",£15.00,£165.00,20%,£33.00,£855.80,35.70%,£690.80,28.80%,6.90%
21/07/2025,405,Lisa,Leeds,Shipping,Moonbeam Innovations,C005,SEO,P002,Server Key,£150.00,2,£300.00,3%,£291.00,20%,£58.20,£349.20,£80.00,£160.00, £-   , £-   ,0%, £-   ,£131.00,45.00%,£131.00,45.00%,0.00%
21/07/2025,537,Lisa,Leeds,Paid,Supernova Solutions,C014,Social Media Outreach,P010,Standing Desk,£530.00,7,"£3,710.00",3%,"£3,598.70",20%,£719.74,"£4,318.44",£360.00,"£2,520.00",£60.00,£420.00,20%,£84.00,"£1,078.70",30.00%,£658.70,18.30%,11.70%
21/08/2025,505,Lisa,Bristol,Paid,Saturn Solutions,C022,Referral,P001,Laptop,£220.00,18,"£3,960.00",3%,"£3,841.20",20%,£768.24,"£4,609.44",£140.00,"£2,520.00",£15.00,£270.00,20%,£54.00,"£1,321.20",34.40%,"£1,051.20",27.40%,7.00%
21/08/2025,633,Jack,London,Shipping,Cosmos Creations,C020,Content Outreach,P009,Ergonomic Chair,£190.00,5,£950.00,3%,£921.50,20%,£184.30,"£1,105.80",£115.00,£575.00,£45.00,£225.00,20%,£45.00,£346.50,37.60%,£121.50,13.20%,24.40%
21/09/2025,416,Daniel,Birmingham,Pending,Nova Innovations,C018,Referral,P006,Monitor Stand,£40.00,13,£520.00,3%,£504.40,20%,£100.88,£605.28,£24.00,£312.00,£7.00,£91.00,20%,£18.20,£192.40,38.10%,£101.40,20.10%,18.00%
21/09/2025,736,Mark,Brighton,Pending,Saturn Solutions,C022,SEO,P003,Network Switch,£130.00,9,"£1,170.00",9%,"£1,064.70",20%,£212.94,"£1,277.64",£72.00,£648.00,£8.00,£72.00,20%,£14.40,£416.70,39.10%,£344.70,32.40%,6.70%
21/10/2025,147,Lucas,Nottingham,Pending,Mercury Industries,C023,SEO,P004,Data Storage Device,£70.00,7,£490.00,9%,£445.90,20%,£89.18,£535.08,£30.00,£210.00,£8.00,£56.00,20%,£11.20,£235.90,52.90%,£179.90,40.30%,12.60%
21/10/2025,203,Daniel,Brighton,Paid,Supernova Solutions,C014,Events Outreach,P006,Monitor Stand,£40.00,20,£800.00,7%,£744.00,20%,£148.80,£892.80,£24.00,£480.00,£7.00,£140.00,20%,£28.00,£264.00,35.50%,£124.00,16.70%,18.80%
21/10/2025,849,Jack,Leeds,Pending,Aurora Enterprises,C010,Website,P005,Software License,£200.00,15,"£3,000.00",1%,"£2,970.00",20%,£594.00,"£3,564.00",£110.00,"£1,650.00", £-   , £-   ,0%, £-   ,"£1,320.00",44.40%,"£1,320.00",44.40%,0.00%
21/11/2025,392,Daniel,Nottingham,Paid,Mars Enterprises,C025,Website,P001,Laptop,£220.00,19,"£4,180.00",5%,"£3,971.00",20%,£794.20,"£4,765.20",£140.00,"£2,660.00",£15.00,£285.00,20%,£57.00,"£1,311.00",33.00%,"£1,026.00",25.80%,7.20%
21/11/2025,880,Sarah,Sheffield,Pending,Galactic Enterprises,C003,SEO,P008,Cable Management Tray,£20.00,9,£180.00,1%,£178.20,20%,£35.64,£213.84,£12.00,£108.00,£6.00,£54.00,20%,£10.80,£70.20,39.40%,£16.20,9.10%,30.30%
21/11/2025,961,Lisa,Manchester,Paid,Planetary Partners,C021,Referral,P009,Ergonomic Chair,£190.00,4,£760.00,7%,£706.80,20%,£141.36,£848.16,£115.00,£460.00,£45.00,£180.00,20%,£36.00,£246.80,34.90%,£66.80,9.50%,25.40%
21/12/2025,101,Jack,Liverpool,Paid,Moonbeam Innovations,C005,Events Outreach,P004,Data Storage Device,£70.00,8,£560.00,5%,£532.00,20%,£106.40,£638.40,£30.00,£240.00,£8.00,£64.00,20%,£12.80,£292.00,54.90%,£228.00,42.90%,12.00%
21/12/2025,484,Mark,Liverpool,Shipping,Acme Corporation,C001,Content Outreach,P003,Network Switch,£130.00,1,£130.00,6%,£122.20,20%,£24.44,£146.64,£72.00,£72.00,£8.00,£8.00,20%,£1.60,£50.20,41.10%,£42.20,34.50%,6.60%
21/12/2025,574,Lisa,Nottingham,Shipping,Venus Ventures,C024,SEO,P006,Monitor Stand,£40.00,8,£320.00,8%,£294.40,20%,£58.88,£353.28,£24.00,£192.00,£7.00,£56.00,20%,£11.20,£102.40,34.80%,£46.40,15.80%,19.00%
21/12/2025,753,Sarah,Leeds,Shipping,Stellar Systems,C006,Referral,P003,Network Switch,£130.00,13,"£1,690.00",3%,"£1,639.30",20%,£327.86,"£1,967.16",£72.00,£936.00,£8.00,£104.00,20%,£20.80,£703.30,42.90%,£599.30,36.60%,6.30%
22/01/2025,39,Sarah,Liverpool,Pending,Lunar Labs,C012,Social Media Outreach,P004,Data Storage Device,£70.00,11,£770.00,5%,£731.50,20%,£146.30,£877.80,£30.00,£330.00,£8.00,£88.00,20%,£17.60,£401.50,54.90%,£313.50,42.90%,12.00%
22/01/2025,766,Alexandra,Leeds,Shipping,Moonbeam Innovations,C005,SEO,P006,Monitor Stand,£40.00,3,£120.00,4%,£115.20,20%,£23.04,£138.24,£24.00,£72.00,£7.00,£21.00,20%,£4.20,£43.20,37.50%,£22.20,19.30%,18.20%
22/01/2025,890,Sarah,Sheffield,Pending,Stellar Systems,C006,Content Outreach,P008,Cable Management Tray,£20.00,13,£260.00,4%,£249.60,20%,£49.92,£299.52,£12.00,£156.00,£6.00,£78.00,20%,£15.60,£93.60,37.50%,£15.60,6.30%,31.20%
22/01/2025,982,Daniel,Leeds,Pending,Mars Enterprises,C025,SEO,P006,Monitor Stand,£40.00,2,£80.00,5%,£76.00,20%,£15.20,£91.20,£24.00,£48.00,£7.00,£14.00,20%,£2.80,£28.00,36.80%,£14.00,18.40%,18.40%
22/02/2025,85,Lisa,Brighton,Shipping,Cosmos Creations,C020,SEO,P010,Standing Desk,£530.00,5,"£2,650.00",9%,"£2,411.50",20%,£482.30,"£2,893.80",£360.00,"£1,800.00",£60.00,£300.00,20%,£60.00,£611.50,25.40%,£311.50,12.90%,12.50%
22/02/2025,215,Alexandra,Brighton,Shipping,Mars Enterprises,C025,Referral,P004,Data Storage Device,£70.00,17,"£1,190.00",6%,"£1,118.60",20%,£223.72,"£1,342.32",£30.00,£510.00,£8.00,£136.00,20%,£27.20,£608.60,54.40%,£472.60,42.20%,12.20%
22/02/2025,503,Sarah,London,Pending,Aurora Enterprises,C010,Referral,P006,Monitor Stand,£40.00,14,£560.00,10%,£504.00,20%,£100.80,£604.80,£24.00,£336.00,£7.00,£98.00,20%,£19.60,£168.00,33.30%,£70.00,13.90%,19.40%
22/02/2025,639,Lisa,Leeds,Pending,Comet Corporation,C016,Content Outreach,P005,Software License,£200.00,18,"£3,600.00",6%,"£3,384.00",20%,£676.80,"£4,060.80",£110.00,"£1,980.00", £-   , £-   ,0%, £-   ,"£1,404.00",41.50%,"£1,404.00",41.50%,0.00%
22/03/2025,233,Lisa,Liverpool,Pending,Cosmic Creations,C008,Referral,P009,Ergonomic Chair,£190.00,9,"£1,710.00",8%,"£1,573.20",20%,£314.64,"£1,887.84",£115.00,"£1,035.00",£45.00,£405.00,20%,£81.00,£538.20,34.20%,£133.20,8.50%,25.70%
22/03/2025,250,Jack,London,Pending,Orion Enterprises,C015,Website,P006,Monitor Stand,£40.00,16,£640.00,3%,£620.80,20%,£124.16,£744.96,£24.00,£384.00,£7.00,£112.00,20%,£22.40,£236.80,38.10%,£124.80,20.10%,18.00%
22/03/2025,532,Jack,Liverpool,Pending,AstroTech,C017,Content Outreach,P010,Standing Desk,£530.00,15,"£7,950.00",12%,"£6,996.00",20%,"£1,399.20","£8,395.20",£360.00,"£5,400.00",£60.00,£900.00,20%,£180.00,"£1,596.00",22.80%,£696.00,9.90%,12.90%
22/04/2025,7,Alexandra,Sheffield,Shipping,Cosmic Creations,C008,Referral,P010,Standing Desk,£530.00,16,"£8,480.00",10%,"£7,632.00",20%,"£1,526.40","£9,158.40",£360.00,"£5,760.00",£60.00,£960.00,20%,£192.00,"£1,872.00",24.50%,£912.00,11.90%,12.60%
22/04/2025,266,Jack,Newcastle,Shipping,Lunar Labs,C012,SEO,P005,Software License,£200.00,3,£600.00,8%,£552.00,20%,£110.40,£662.40,£110.00,£330.00, £-   , £-   ,0%, £-   ,£222.00,40.20%,£222.00,40.20%,0.00%
22/04/2025,844,Lucas,Newcastle,Pending,Solar Solutions,C011,Content Outreach,P006,Monitor Stand,£40.00,11,£440.00,10%,£396.00,20%,£79.20,£475.20,£24.00,£264.00,£7.00,£77.00,20%,£15.40,£132.00,33.30%,£55.00,13.90%,19.40%
22/05/2025,440,Sarah,Manchester,Paid,Saturn Solutions,C022,SEO,P010,Standing Desk,£530.00,2,"£1,060.00",8%,£975.20,20%,£195.04,"£1,170.24",£360.00,£720.00,£60.00,£120.00,20%,£24.00,£255.20,26.20%,£135.20,13.90%,12.30%
22/05/2025,875,Sarah,Nottingham,Pending,Aurora Enterprises,C010,SEO,P004,Data Storage Device,£70.00,10,£700.00,10%,£630.00,20%,£126.00,£756.00,£30.00,£300.00,£8.00,£80.00,20%,£16.00,£330.00,52.40%,£250.00,39.70%,12.70%
22/05/2025,975,Sarah,Newcastle,Shipping,Mercury Industries,C023,Referral,P009,Ergonomic Chair,£190.00,17,"£3,230.00",5%,"£3,068.50",20%,£613.70,"£3,682.20",£115.00,"£1,955.00",£45.00,£765.00,20%,£153.00,"£1,113.50",36.30%,£348.50,11.40%,24.90%
22/06/2025,891,Sarah,Liverpool,Paid,Stellar Systems,C006,SEO,P006,Monitor Stand,£40.00,5,£200.00,9%,£182.00,20%,£36.40,£218.40,£24.00,£120.00,£7.00,£35.00,20%,£7.00,£62.00,34.10%,£27.00,14.80%,19.30%
22/06/2025,953,Sarah,Newcastle,Paid,Saturn Solutions,C022,Referral,P006,Monitor Stand,£40.00,17,£680.00,9%,£618.80,20%,£123.76,£742.56,£24.00,£408.00,£7.00,£119.00,20%,£23.80,£210.80,34.10%,£91.80,14.80%,19.30%
22/06/2025,989,Lisa,Liverpool,Pending,Acme Corporation,C001,Referral,P004,Data Storage Device,£70.00,18,"£1,260.00",5%,"£1,197.00",20%,£239.40,"£1,436.40",£30.00,£540.00,£8.00,£144.00,20%,£28.80,£657.00,54.90%,£513.00,42.90%,12.00%
22/07/2025,63,Mark,Nottingham,Paid,Sunrise Solutions,C004,SEO,P008,Cable Management Tray,£20.00,20,£400.00,2%,£392.00,20%,£78.40,£470.40,£12.00,£240.00,£6.00,£120.00,20%,£24.00,£152.00,38.80%,£32.00,8.20%,30.60%
22/07/2025,741,Lucas,Sheffield,Paid,Nova Innovations,C018,Content Outreach,P010,Standing Desk,£530.00,14,"£7,420.00",5%,"£7,049.00",20%,"£1,409.80","£8,458.80",£360.00,"£5,040.00",£60.00,£840.00,20%,£168.00,"£2,009.00",28.50%,"£1,169.00",16.60%,11.90%
22/08/2025,281,Alexandra,Sheffield,Paid,Nova Innovations,C018,Content Outreach,P003,Network Switch,£130.00,15,"£1,950.00",3%,"£1,891.50",20%,£378.30,"£2,269.80",£72.00,"£1,080.00",£8.00,£120.00,20%,£24.00,£811.50,42.90%,£691.50,36.60%,6.30%
22/09/2025,132,Dave,Manchester,Pending,Mars Enterprises,C025,SEO,P006,Monitor Stand,£40.00,5,£200.00,5%,£190.00,20%,£38.00,£228.00,£24.00,£120.00,£7.00,£35.00,20%,£7.00,£70.00,36.80%,£35.00,18.40%,18.40%
22/09/2025,666,Sarah,Manchester,Paid,AstroTech,C017,Referral,P004,Data Storage Device,£70.00,8,£560.00,7%,£520.80,20%,£104.16,£624.96,£30.00,£240.00,£8.00,£64.00,20%,£12.80,£280.80,53.90%,£216.80,41.60%,12.30%
22/09/2025,935,Lucas,Sheffield,Paid,Interstellar Enterprises,C019,Events Outreach,P004,Data Storage Device,£70.00,6,£420.00,12%,£369.60,20%,£73.92,£443.52,£30.00,£180.00,£8.00,£48.00,20%,£9.60,£189.60,51.30%,£141.60,38.30%,13.00%
22/10/2025,93,Dave,Liverpool,Shipping,Solar Solutions,C011,Events Outreach,P001,Laptop,£220.00,8,"£1,760.00",7%,"£1,636.80",20%,£327.36,"£1,964.16",£140.00,"£1,120.00",£15.00,£120.00,20%,£24.00,£516.80,31.60%,£396.80,24.20%,7.40%
22/10/2025,656,Dave,Nottingham,Shipping,Nebula Technologies,C007,Social Media Outreach,P004,Data Storage Device,£70.00,20,"£1,400.00",12%,"£1,232.00",20%,£246.40,"£1,478.40",£30.00,£600.00,£8.00,£160.00,20%,£32.00,£632.00,51.30%,£472.00,38.30%,13.00%
22/10/2025,806,Dave,Sheffield,Shipping,Planetary Partners,C021,SEO,P005,Software License,£200.00,16,"£3,200.00",7%,"£2,976.00",20%,£595.20,"£3,571.20",£110.00,"£1,760.00", £-   , £-   ,0%, £-   ,"£1,216.00",40.90%,"£1,216.00",40.90%,0.00%
22/10/2025,897,Lucas,Newcastle,Paid,Cosmic Creations,C008,Content Outreach,P006,Monitor Stand,£40.00,6,£240.00,6%,£225.60,20%,£45.12,£270.72,£24.00,£144.00,£7.00,£42.00,20%,£8.40,£81.60,36.20%,£39.60,17.60%,18.60%
22/11/2025,94,Lucas,Brighton,Pending,Interstellar Enterprises,C019,Referral,P006,Monitor Stand,£40.00,16,£640.00,2%,£627.20,20%,£125.44,£752.64,£24.00,£384.00,£7.00,£112.00,20%,£22.40,£243.20,38.80%,£131.20,20.90%,17.90%
22/11/2025,129,Dave,Nottingham,Pending,Cosmic Creations,C008,SEO,P006,Monitor Stand,£40.00,1,£40.00,12%,£35.20,20%,£7.04,£42.24,£24.00,£24.00,£7.00,£7.00,20%,£1.40,£11.20,31.80%,£4.20,11.90%,19.90%
22/11/2025,611,Jack,Newcastle,Paid,Planetary Partners,C021,Referral,P004,Data Storage Device,£70.00,14,£980.00,4%,£940.80,20%,£188.16,"£1,128.96",£30.00,£420.00,£8.00,£112.00,20%,£22.40,£520.80,55.40%,£408.80,43.50%,11.90%
22/11/2025,799,Lucas,Brighton,Shipping,Mercury Industries,C023,Content Outreach,P002,Server Key,£150.00,18,"£2,700.00",2%,"£2,646.00",20%,£529.20,"£3,175.20",£80.00,"£1,440.00", £-   , £-   ,0%, £-   ,"£1,206.00",45.60%,"£1,206.00",45.60%,0.00%
22/11/2025,848,Lucas,Birmingham,Shipping,Celestial Industries,C013,Events Outreach,P001,Laptop,£220.00,5,"£1,100.00",2%,"£1,078.00",20%,£215.60,"£1,293.60",£140.00,£700.00,£15.00,£75.00,20%,£15.00,£378.00,35.10%,£303.00,28.10%,7.00%
22/12/2025,24,Daniel,Leeds,Pending,Aurora Enterprises,C010,Referral,P008,Cable Management Tray,£20.00,20,£400.00,2%,£392.00,20%,£78.40,£470.40,£12.00,£240.00,£6.00,£120.00,20%,£24.00,£152.00,38.80%,£32.00,8.20%,30.60%
23/01/2025,596,Alexandra,Birmingham,Shipping,Infinity Innovations,C009,SEO,P005,Software License,£200.00,4,£800.00,10%,£720.00,20%,£144.00,£864.00,£110.00,£440.00, £-   , £-   ,0%, £-   ,£280.00,38.90%,£280.00,38.90%,0.00%
23/02/2025,88,Mark,Bristol,Pending,Saturn Solutions,C022,SEO,P004,Data Storage Device,£70.00,20,"£1,400.00",4%,"£1,344.00",20%,£268.80,"£1,612.80",£30.00,£600.00,£8.00,£160.00,20%,£32.00,£744.00,55.40%,£584.00,43.50%,11.90%
23/02/2025,471,Lisa,Newcastle,Pending,Celestial Industries,C013,SEO,P007,Keyboard Tray,£25.00,8,£200.00,8%,£184.00,20%,£36.80,£220.80,£14.00,£112.00,£7.00,£56.00,20%,£11.20,£72.00,39.10%,£16.00,8.70%,30.40%
23/02/2025,771,Lucas,Sheffield,Pending,Celestial Industries,C013,Events Outreach,P006,Monitor Stand,£40.00,10,£400.00,3%,£388.00,20%,£77.60,£465.60,£24.00,£240.00,£7.00,£70.00,20%,£14.00,£148.00,38.10%,£78.00,20.10%,18.00%
23/03/2025,794,Lucas,Leeds,Shipping,Celestial Industries,C013,Content Outreach,P004,Data Storage Device,£70.00,17,"£1,190.00",6%,"£1,118.60",20%,£223.72,"£1,342.32",£30.00,£510.00,£8.00,£136.00,20%,£27.20,£608.60,54.40%,£472.60,42.20%,12.20%
23/04/2025,22,Dave,Newcastle,Shipping,Mars Enterprises,C025,Referral,P008,Cable Management Tray,£20.00,10,£200.00,4%,£192.00,20%,£38.40,£230.40,£12.00,£120.00,£6.00,£60.00,20%,£12.00,£72.00,37.50%,£12.00,6.30%,31.20%
23/04/2025,267,Daniel,Brighton,Paid,Supernova Solutions,C014,SEO,P005,Software License,£200.00,13,"£2,600.00",6%,"£2,444.00",20%,£488.80,"£2,932.80",£110.00,"£1,430.00", £-   , £-   ,0%, £-   ,"£1,014.00",41.50%,"£1,014.00",41.50%,0.00%
23/05/2025,99,Alexandra,Bristol,Paid,Nebula Technologies,C007,Content Outreach,P007,Keyboard Tray,£25.00,2,£50.00,8%,£46.00,20%,£9.20,£55.20,£14.00,£28.00,£7.00,£14.00,20%,£2.80,£18.00,39.10%,£4.00,8.70%,30.40%
23/05/2025,350,Mark,Bristol,Paid,Celestial Industries,C013,SEO,P007,Keyboard Tray,£25.00,20,£500.00,3%,£485.00,20%,£97.00,£582.00,£14.00,£280.00,£7.00,£140.00,20%,£28.00,£205.00,42.30%,£65.00,13.40%,28.90%
23/05/2025,598,Mark,London,Pending,Cosmos Creations,C020,SEO,P003,Network Switch,£130.00,2,£260.00,3%,£252.20,20%,£50.44,£302.64,£72.00,£144.00,£8.00,£16.00,20%,£3.20,£108.20,42.90%,£92.20,36.60%,6.30%
23/05/2025,751,Sarah,Sheffield,Shipping,Sunrise Solutions,C004,Referral,P004,Data Storage Device,£70.00,7,£490.00,10%,£441.00,20%,£88.20,£529.20,£30.00,£210.00,£8.00,£56.00,20%,£11.20,£231.00,52.40%,£175.00,39.70%,12.70%
23/05/2025,839,Sarah,Nottingham,Pending,Acme Corporation,C001,SEO,P010,Standing Desk,£530.00,18,"£9,540.00",3%,"£9,253.80",20%,"£1,850.76","£11,104.56",£360.00,"£6,480.00",£60.00,"£1,080.00",20%,£216.00,"£2,773.80",30.00%,"£1,693.80",18.30%,11.70%
23/05/2025,876,Sarah,Manchester,Paid,Cosmos Creations,C020,Content Outreach,P003,Network Switch,£130.00,19,"£2,470.00",5%,"£2,346.50",20%,£469.30,"£2,815.80",£72.00,"£1,368.00",£8.00,£152.00,20%,£30.40,£978.50,41.70%,£826.50,35.20%,6.50%
23/06/2025,157,Alexandra,Brighton,Shipping,Cosmic Creations,C008,Website,P008,Cable Management Tray,£20.00,20,£400.00,3%,£388.00,20%,£77.60,£465.60,£12.00,£240.00,£6.00,£120.00,20%,£24.00,£148.00,38.10%,£28.00,7.20%,30.90%
23/06/2025,204,Dave,Bristol,Shipping,Mars Enterprises,C025,SEO,P007,Keyboard Tray,£25.00,11,£275.00,8%,£253.00,20%,£50.60,£303.60,£14.00,£154.00,£7.00,£77.00,20%,£15.40,£99.00,39.10%,£22.00,8.70%,30.40%
23/06/2025,226,Sarah,Nottingham,Shipping,Acme Corporation,C001,SEO,P002,Server Key,£150.00,17,"£2,550.00",3%,"£2,473.50",20%,£494.70,"£2,968.20",£80.00,"£1,360.00", £-   , £-   ,0%, £-   ,"£1,113.50",45.00%,"£1,113.50",45.00%,0.00%
23/06/2025,273,Alexandra,Bristol,Paid,Sunrise Solutions,C004,Content Outreach,P003,Network Switch,£130.00,5,£650.00,10%,£585.00,20%,£117.00,£702.00,£72.00,£360.00,£8.00,£40.00,20%,£8.00,£225.00,38.50%,£185.00,31.60%,6.90%
23/06/2025,944,Lucas,Sheffield,Paid,Saturn Solutions,C022,Events Outreach,P003,Network Switch,£130.00,5,£650.00,5%,£617.50,20%,£123.50,£741.00,£72.00,£360.00,£8.00,£40.00,20%,£8.00,£257.50,41.70%,£217.50,35.20%,6.50%
23/07/2025,501,Daniel,Newcastle,Pending,Lunar Labs,C012,SEO,P006,Monitor Stand,£40.00,4,£160.00,12%,£140.80,20%,£28.16,£168.96,£24.00,£96.00,£7.00,£28.00,20%,£5.60,£44.80,31.80%,£16.80,11.90%,19.90%
23/07/2025,893,Dave,London,Pending,Starlight Industries,C002,Social Media Outreach,P008,Cable Management Tray,£20.00,5,£100.00,10%,£90.00,20%,£18.00,£108.00,£12.00,£60.00,£6.00,£30.00,20%,£6.00,£30.00,33.30%, £-   ,0.00%,33.30%
23/08/2025,313,Alexandra,Bristol,Pending,Acme Corporation,C001,Referral,P004,Data Storage Device,£70.00,19,"£1,330.00",5%,"£1,263.50",20%,£252.70,"£1,516.20",£30.00,£570.00,£8.00,£152.00,20%,£30.40,£693.50,54.90%,£541.50,42.90%,12.00%
23/08/2025,952,Lisa,Birmingham,Shipping,Supernova Solutions,C014,Social Media Outreach,P009,Ergonomic Chair,£190.00,18,"£3,420.00",4%,"£3,283.20",20%,£656.64,"£3,939.84",£115.00,"£2,070.00",£45.00,£810.00,20%,£162.00,"£1,213.20",37.00%,£403.20,12.30%,24.70%
23/09/2025,174,Sarah,Nottingham,Pending,Acme Corporation,C001,SEO,P006,Monitor Stand,£40.00,14,£560.00,6%,£526.40,20%,£105.28,£631.68,£24.00,£336.00,£7.00,£98.00,20%,£19.60,£190.40,36.20%,£92.40,17.60%,18.60%
23/09/2025,295,Dave,Liverpool,Shipping,Acme Corporation,C001,Referral,P006,Monitor Stand,£40.00,9,£360.00,8%,£331.20,20%,£66.24,£397.44,£24.00,£216.00,£7.00,£63.00,20%,£12.60,£115.20,34.80%,£52.20,15.80%,19.00%
23/09/2025,363,Alexandra,Bristol,Shipping,Nova Innovations,C018,Content Outreach,P007,Keyboard Tray,£25.00,12,£300.00,4%,£288.00,20%,£57.60,£345.60,£14.00,£168.00,£7.00,£84.00,20%,£16.80,£120.00,41.70%,£36.00,12.50%,29.20%
23/09/2025,428,Dave,Newcastle,Pending,Infinity Innovations,C009,Referral,P008,Cable Management Tray,£20.00,13,£260.00,10%,£234.00,20%,£46.80,£280.80,£12.00,£156.00,£6.00,£78.00,20%,£15.60,£78.00,33.30%, £-   ,0.00%,33.30%
23/09/2025,478,Jack,Nottingham,Paid,Interstellar Enterprises,C019,Content Outreach,P006,Monitor Stand,£40.00,10,£400.00,3%,£388.00,20%,£77.60,£465.60,£24.00,£240.00,£7.00,£70.00,20%,£14.00,£148.00,38.10%,£78.00,20.10%,18.00%
23/09/2025,513,Sarah,Birmingham,Paid,Nebula Technologies,C007,SEO,P004,Data Storage Device,£70.00,8,£560.00,7%,£520.80,20%,£104.16,£624.96,£30.00,£240.00,£8.00,£64.00,20%,£12.80,£280.80,53.90%,£216.80,41.60%,12.30%
23/10/2025,328,Daniel,Newcastle,Shipping,Sunrise Solutions,C004,Social Media Outreach,P002,Server Key,£150.00,1,£150.00,8%,£138.00,20%,£27.60,£165.60,£80.00,£80.00, £-   , £-   ,0%, £-   ,£58.00,42.00%,£58.00,42.00%,0.00%
23/11/2025,439,Lisa,Newcastle,Pending,Planetary Partners,C021,Content Outreach,P006,Monitor Stand,£40.00,11,£440.00,12%,£387.20,20%,£77.44,£464.64,£24.00,£264.00,£7.00,£77.00,20%,£15.40,£123.20,31.80%,£46.20,11.90%,19.90%
23/11/2025,482,Jack,Newcastle,Paid,Supernova Solutions,C014,Referral,P001,Laptop,£220.00,7,"£1,540.00",7%,"£1,432.20",20%,£286.44,"£1,718.64",£140.00,£980.00,£15.00,£105.00,20%,£21.00,£452.20,31.60%,£347.20,24.20%,7.40%
23/11/2025,509,Alexandra,Manchester,Shipping,Interstellar Enterprises,C019,Social Media Outreach,P009,Ergonomic Chair,£190.00,6,"£1,140.00",3%,"£1,105.80",20%,£221.16,"£1,326.96",£115.00,£690.00,£45.00,£270.00,20%,£54.00,£415.80,37.60%,£145.80,13.20%,24.40%
23/12/2025,802,Mark,Liverpool,Paid,Nebula Technologies,C007,SEO,P006,Monitor Stand,£40.00,10,£400.00,3%,£388.00,20%,£77.60,£465.60,£24.00,£240.00,£7.00,£70.00,20%,£14.00,£148.00,38.10%,£78.00,20.10%,18.00%
24/01/2025,123,Alexandra,Sheffield,Pending,Acme Corporation,C001,SEO,P001,Laptop,£220.00,12,"£2,640.00",6%,"£2,481.60",20%,£496.32,"£2,977.92",£140.00,"£1,680.00",£15.00,£180.00,20%,£36.00,£801.60,32.30%,£621.60,25.00%,7.30%
24/01/2025,278,Sarah,Bristol,Pending,Starlight Industries,C002,Referral,P010,Standing Desk,£530.00,17,"£9,010.00",6%,"£8,469.40",20%,"£1,693.88","£10,163.28",£360.00,"£6,120.00",£60.00,"£1,020.00",20%,£204.00,"£2,349.40",27.70%,"£1,329.40",15.70%,12.00%
24/01/2025,432,Alexandra,Newcastle,Paid,Mercury Industries,C023,Referral,P007,Keyboard Tray,£25.00,8,£200.00,6%,£188.00,20%,£37.60,£225.60,£14.00,£112.00,£7.00,£56.00,20%,£11.20,£76.00,40.40%,£20.00,10.60%,29.80%
24/01/2025,452,Lisa,Sheffield,Paid,Celestial Industries,C013,Content Outreach,P004,Data Storage Device,£70.00,9,£630.00,8%,£579.60,20%,£115.92,£695.52,£30.00,£270.00,£8.00,£72.00,20%,£14.40,£309.60,53.40%,£237.60,41.00%,12.40%
24/01/2025,683,Daniel,Brighton,Pending,Supernova Solutions,C014,Referral,P004,Data Storage Device,£70.00,8,£560.00,2%,£548.80,20%,£109.76,£658.56,£30.00,£240.00,£8.00,£64.00,20%,£12.80,£308.80,56.30%,£244.80,44.60%,11.70%
24/01/2025,924,Dave,Bristol,Shipping,Orion Enterprises,C015,Content Outreach,P002,Server Key,£150.00,5,£750.00,10%,£675.00,20%,£135.00,£810.00,£80.00,£400.00, £-   , £-   ,0%, £-   ,£275.00,40.70%,£275.00,40.70%,0.00%
24/02/2025,521,Lucas,Birmingham,Paid,Venus Ventures,C024,Social Media Outreach,P004,Data Storage Device,£70.00,14,£980.00,10%,£882.00,20%,£176.40,"£1,058.40",£30.00,£420.00,£8.00,£112.00,20%,£22.40,£462.00,52.40%,£350.00,39.70%,12.70%
24/02/2025,756,Lisa,Liverpool,Shipping,Galactic Enterprises,C003,Content Outreach,P009,Ergonomic Chair,£190.00,18,"£3,420.00",1%,"£3,385.80",20%,£677.16,"£4,062.96",£115.00,"£2,070.00",£45.00,£810.00,20%,£162.00,"£1,315.80",38.90%,£505.80,14.90%,24.00%
24/03/2025,835,Lucas,Brighton,Paid,Interstellar Enterprises,C019,Events Outreach,P006,Monitor Stand,£40.00,14,£560.00,6%,£526.40,20%,£105.28,£631.68,£24.00,£336.00,£7.00,£98.00,20%,£19.60,£190.40,36.20%,£92.40,17.60%,18.60%
24/04/2025,34,Jack,Sheffield,Shipping,Acme Corporation,C001,Referral,P002,Server Key,£150.00,4,£600.00,5%,£570.00,20%,£114.00,£684.00,£80.00,£320.00, £-   , £-   ,0%, £-   ,£250.00,43.90%,£250.00,43.90%,0.00%
24/04/2025,82,Alexandra,Manchester,Pending,Nebula Technologies,C007,Social Media Outreach,P008,Cable Management Tray,£20.00,6,£120.00,5%,£114.00,20%,£22.80,£136.80,£12.00,£72.00,£6.00,£36.00,20%,£7.20,£42.00,36.80%,£6.00,5.30%,31.50%
24/04/2025,489,Mark,Leeds,Paid,Supernova Solutions,C014,Content Outreach,P004,Data Storage Device,£70.00,11,£770.00,2%,£754.60,20%,£150.92,£905.52,£30.00,£330.00,£8.00,£88.00,20%,£17.60,£424.60,56.30%,£336.60,44.60%,11.70%
24/04/2025,680,Lucas,Nottingham,Paid,Saturn Solutions,C022,Referral,P008,Cable Management Tray,£20.00,10,£200.00,6%,£188.00,20%,£37.60,£225.60,£12.00,£120.00,£6.00,£60.00,20%,£12.00,£68.00,36.20%,£8.00,4.30%,31.90%
24/06/2025,235,Jack,Newcastle,Pending,Interstellar Enterprises,C019,SEO,P008,Cable Management Tray,£20.00,11,£220.00,8%,£202.40,20%,£40.48,£242.88,£12.00,£132.00,£6.00,£66.00,20%,£13.20,£70.40,34.80%,£4.40,2.20%,32.60%
24/06/2025,236,Alexandra,Sheffield,Paid,Acme Corporation,C001,Content Outreach,P006,Monitor Stand,£40.00,6,£240.00,6%,£225.60,20%,£45.12,£270.72,£24.00,£144.00,£7.00,£42.00,20%,£8.40,£81.60,36.20%,£39.60,17.60%,18.60%
24/06/2025,834,Daniel,Bristol,Shipping,Comet Corporation,C016,Events Outreach,P004,Data Storage Device,£70.00,6,£420.00,5%,£399.00,20%,£79.80,£478.80,£30.00,£180.00,£8.00,£48.00,20%,£9.60,£219.00,54.90%,£171.00,42.90%,12.00%
24/06/2025,947,Jack,Bristol,Paid,Stellar Systems,C006,Content Outreach,P007,Keyboard Tray,£25.00,17,£425.00,7%,£395.25,20%,£79.05,£474.30,£14.00,£238.00,£7.00,£119.00,20%,£23.80,£157.25,39.80%,£38.25,9.70%,30.10%
24/07/2025,331,Jack,Brighton,Paid,Infinity Innovations,C009,SEO,P005,Software License,£200.00,9,"£1,800.00",5%,"£1,710.00",20%,£342.00,"£2,052.00",£110.00,£990.00, £-   , £-   ,0%, £-   ,£720.00,42.10%,£720.00,42.10%,0.00%
24/07/2025,554,Sarah,Liverpool,Pending,Mercury Industries,C023,Social Media Outreach,P008,Cable Management Tray,£20.00,8,£160.00,3%,£155.20,20%,£31.04,£186.24,£12.00,£96.00,£6.00,£48.00,20%,£9.60,£59.20,38.10%,£11.20,7.20%,30.90%
24/08/2025,822,Daniel,Sheffield,Shipping,Saturn Solutions,C022,Referral,P004,Data Storage Device,£70.00,5,£350.00,8%,£322.00,20%,£64.40,£386.40,£30.00,£150.00,£8.00,£40.00,20%,£8.00,£172.00,53.40%,£132.00,41.00%,12.40%
24/08/2025,936,Jack,Sheffield,Paid,Orion Enterprises,C015,Referral,P006,Monitor Stand,£40.00,4,£160.00,8%,£147.20,20%,£29.44,£176.64,£24.00,£96.00,£7.00,£28.00,20%,£5.60,£51.20,34.80%,£23.20,15.80%,19.00%
24/09/2025,356,Dave,Birmingham,Shipping,Galactic Enterprises,C003,Content Outreach,P009,Ergonomic Chair,£190.00,10,"£1,900.00",7%,"£1,767.00",20%,£353.40,"£2,120.40",£115.00,"£1,150.00",£45.00,£450.00,20%,£90.00,£617.00,34.90%,£167.00,9.50%,25.40%
24/10/2025,60,Mark,Sheffield,Paid,AstroTech,C017,Events Outreach,P008,Cable Management Tray,£20.00,3,£60.00,6%,£56.40,20%,£11.28,£67.68,£12.00,£36.00,£6.00,£18.00,20%,£3.60,£20.40,36.20%,£2.40,4.30%,31.90%
24/10/2025,136,Lisa,Leeds,Shipping,Planetary Partners,C021,Website,P004,Data Storage Device,£70.00,6,£420.00,1%,£415.80,20%,£83.16,£498.96,£30.00,£180.00,£8.00,£48.00,20%,£9.60,£235.80,56.70%,£187.80,45.20%,11.50%
24/10/2025,231,Jack,Manchester,Shipping,Cosmos Creations,C020,Referral,P002,Server Key,£150.00,6,£900.00,5%,£855.00,20%,£171.00,"£1,026.00",£80.00,£480.00, £-   , £-   ,0%, £-   ,£375.00,43.90%,£375.00,43.90%,0.00%
24/11/2025,18,Alexandra,London,Shipping,Cosmic Creations,C008,Content Outreach,P004,Data Storage Device,£70.00,5,£350.00,8%,£322.00,20%,£64.40,£386.40,£30.00,£150.00,£8.00,£40.00,20%,£8.00,£172.00,53.40%,£132.00,41.00%,12.40%
24/11/2025,44,Sarah,Birmingham,Pending,Starlight Industries,C002,SEO,P006,Monitor Stand,£40.00,20,£800.00,3%,£776.00,20%,£155.20,£931.20,£24.00,£480.00,£7.00,£140.00,20%,£28.00,£296.00,38.10%,£156.00,20.10%,18.00%
24/11/2025,345,Mark,Bristol,Shipping,Cosmic Creations,C008,Referral,P006,Monitor Stand,£40.00,17,£680.00,10%,£612.00,20%,£122.40,£734.40,£24.00,£408.00,£7.00,£119.00,20%,£23.80,£204.00,33.30%,£85.00,13.90%,19.40%
25/01/2025,283,Alexandra,Leeds,Paid,Supernova Solutions,C014,SEO,P006,Monitor Stand,£40.00,14,£560.00,10%,£504.00,20%,£100.80,£604.80,£24.00,£336.00,£7.00,£98.00,20%,£19.60,£168.00,33.30%,£70.00,13.90%,19.40%
25/01/2025,303,Jack,Manchester,Paid,Interstellar Enterprises,C019,Referral,P006,Monitor Stand,£40.00,11,£440.00,2%,£431.20,20%,£86.24,£517.44,£24.00,£264.00,£7.00,£77.00,20%,£15.40,£167.20,38.80%,£90.20,20.90%,17.90%
25/01/2025,923,Alexandra,Birmingham,Shipping,Nova Innovations,C018,Events Outreach,P006,Monitor Stand,£40.00,18,£720.00,2%,£705.60,20%,£141.12,£846.72,£24.00,£432.00,£7.00,£126.00,20%,£25.20,£273.60,38.80%,£147.60,20.90%,17.90%
25/02/2025,606,Sarah,Birmingham,Shipping,Nebula Technologies,C007,Referral,P001,Laptop,£220.00,15,"£3,300.00",7%,"£3,069.00",20%,£613.80,"£3,682.80",£140.00,"£2,100.00",£15.00,£225.00,20%,£45.00,£969.00,31.60%,£744.00,24.20%,7.40%
25/02/2025,732,Daniel,Sheffield,Pending,Mercury Industries,C023,Content Outreach,P007,Keyboard Tray,£25.00,4,£100.00,6%,£94.00,20%,£18.80,£112.80,£14.00,£56.00,£7.00,£28.00,20%,£5.60,£38.00,40.40%,£10.00,10.60%,29.80%
25/03/2025,149,Alexandra,Brighton,Pending,Lunar Labs,C012,Website,P001,Laptop,£220.00,5,"£1,100.00",10%,£990.00,20%,£198.00,"£1,188.00",£140.00,£700.00,£15.00,£75.00,20%,£15.00,£290.00,29.30%,£215.00,21.70%,7.60%
25/03/2025,533,Daniel,Birmingham,Shipping,Infinity Innovations,C009,Social Media Outreach,P002,Server Key,£150.00,19,"£2,850.00",8%,"£2,622.00",20%,£524.40,"£3,146.40",£80.00,"£1,520.00", £-   , £-   ,0%, £-   ,"£1,102.00",42.00%,"£1,102.00",42.00%,0.00%
25/03/2025,999,Sarah,Sheffield,Paid,Mars Enterprises,C025,Referral,P008,Cable Management Tray,£20.00,12,£240.00,10%,£216.00,20%,£43.20,£259.20,£12.00,£144.00,£6.00,£72.00,20%,£14.40,£72.00,33.30%, £-   ,0.00%,33.30%
25/04/2025,166,Daniel,Liverpool,Pending,Lunar Labs,C012,Referral,P004,Data Storage Device,£70.00,10,£700.00,2%,£686.00,20%,£137.20,£823.20,£30.00,£300.00,£8.00,£80.00,20%,£16.00,£386.00,56.30%,£306.00,44.60%,11.70%
25/04/2025,573,Lisa,Sheffield,Paid,Lunar Labs,C012,Content Outreach,P006,Monitor Stand,£40.00,4,£160.00,7%,£148.80,20%,£29.76,£178.56,£24.00,£96.00,£7.00,£28.00,20%,£5.60,£52.80,35.50%,£24.80,16.70%,18.80%
25/04/2025,729,Jack,London,Shipping,Mars Enterprises,C025,Content Outreach,P004,Data Storage Device,£70.00,6,£420.00,8%,£386.40,20%,£77.28,£463.68,£30.00,£180.00,£8.00,£48.00,20%,£9.60,£206.40,53.40%,£158.40,41.00%,12.40%
25/04/2025,740,Jack,Bristol,Paid,Sunrise Solutions,C004,SEO,P010,Standing Desk,£530.00,2,"£1,060.00",3%,"£1,028.20",20%,£205.64,"£1,233.84",£360.00,£720.00,£60.00,£120.00,20%,£24.00,£308.20,30.00%,£188.20,18.30%,11.70%
25/05/2025,109,Jack,Liverpool,Pending,Saturn Solutions,C022,SEO,P006,Monitor Stand,£40.00,12,£480.00,8%,£441.60,20%,£88.32,£529.92,£24.00,£288.00,£7.00,£84.00,20%,£16.80,£153.60,34.80%,£69.60,15.80%,19.00%
25/05/2025,393,Jack,Brighton,Paid,Interstellar Enterprises,C019,Events Outreach,P006,Monitor Stand,£40.00,20,£800.00,5%,£760.00,20%,£152.00,£912.00,£24.00,£480.00,£7.00,£140.00,20%,£28.00,£280.00,36.80%,£140.00,18.40%,18.40%
25/05/2025,427,Sarah,Birmingham,Shipping,Mercury Industries,C023,Referral,P006,Monitor Stand,£40.00,5,£200.00,2%,£196.00,20%,£39.20,£235.20,£24.00,£120.00,£7.00,£35.00,20%,£7.00,£76.00,38.80%,£41.00,20.90%,17.90%
25/05/2025,560,Daniel,Newcastle,Paid,Sunrise Solutions,C004,SEO,P002,Server Key,£150.00,20,"£3,000.00",3%,"£2,910.00",20%,£582.00,"£3,492.00",£80.00,"£1,600.00", £-   , £-   ,0%, £-   ,"£1,310.00",45.00%,"£1,310.00",45.00%,0.00%
25/06/2025,359,Lucas,Sheffield,Shipping,Celestial Industries,C013,Website,P001,Laptop,£220.00,20,"£4,400.00",8%,"£4,048.00",20%,£809.60,"£4,857.60",£140.00,"£2,800.00",£15.00,£300.00,20%,£60.00,"£1,248.00",30.80%,£948.00,23.40%,7.40%
25/06/2025,698,Sarah,Manchester,Paid,Planetary Partners,C021,Referral,P010,Standing Desk,£530.00,7,"£3,710.00",8%,"£3,413.20",20%,£682.64,"£4,095.84",£360.00,"£2,520.00",£60.00,£420.00,20%,£84.00,£893.20,26.20%,£473.20,13.90%,12.30%
25/06/2025,838,Lisa,Birmingham,Pending,Aurora Enterprises,C010,SEO,P008,Cable Management Tray,£20.00,10,£200.00,2%,£196.00,20%,£39.20,£235.20,£12.00,£120.00,£6.00,£60.00,20%,£12.00,£76.00,38.80%,£16.00,8.20%,30.60%
25/06/2025,972,Dave,Liverpool,Pending,Celestial Industries,C013,Referral,P001,Laptop,£220.00,6,"£1,320.00",2%,"£1,293.60",20%,£258.72,"£1,552.32",£140.00,£840.00,£15.00,£90.00,20%,£18.00,£453.60,35.10%,£363.60,28.10%,7.00%
25/07/2025,199,Sarah,Sheffield,Shipping,Infinity Innovations,C009,Referral,P003,Network Switch,£130.00,3,£390.00,3%,£378.30,20%,£75.66,£453.96,£72.00,£216.00,£8.00,£24.00,20%,£4.80,£162.30,42.90%,£138.30,36.60%,6.30%
25/07/2025,361,Lucas,London,Paid,Infinity Innovations,C009,Referral,P007,Keyboard Tray,£25.00,16,£400.00,5%,£380.00,20%,£76.00,£456.00,£14.00,£224.00,£7.00,£112.00,20%,£22.40,£156.00,41.10%,£44.00,11.60%,29.50%
25/07/2025,637,Lisa,Leeds,Paid,Galactic Enterprises,C003,Referral,P006,Monitor Stand,£40.00,9,£360.00,7%,£334.80,20%,£66.96,£401.76,£24.00,£216.00,£7.00,£63.00,20%,£12.60,£118.80,35.50%,£55.80,16.70%,18.80%
25/07/2025,714,Dave,Nottingham,Shipping,Interstellar Enterprises,C019,SEO,P008,Cable Management Tray,£20.00,13,£260.00,2%,£254.80,20%,£50.96,£305.76,£12.00,£156.00,£6.00,£78.00,20%,£15.60,£98.80,38.80%,£20.80,8.20%,30.60%
25/09/2025,27,Jack,Manchester,Shipping,Cosmic Creations,C008,Events Outreach,P004,Data Storage Device,£70.00,8,£560.00,3%,£543.20,20%,£108.64,£651.84,£30.00,£240.00,£8.00,£64.00,20%,£12.80,£303.20,55.80%,£239.20,44.00%,11.80%
25/09/2025,833,Daniel,Liverpool,Paid,Orion Enterprises,C015,Referral,P007,Keyboard Tray,£25.00,7,£175.00,3%,£169.75,20%,£33.95,£203.70,£14.00,£98.00,£7.00,£49.00,20%,£9.80,£71.75,42.30%,£22.75,13.40%,28.90%
25/10/2025,206,Jack,Manchester,Pending,Cosmos Creations,C020,Referral,P003,Network Switch,£130.00,16,"£2,080.00",5%,"£1,976.00",20%,£395.20,"£2,371.20",£72.00,"£1,152.00",£8.00,£128.00,20%,£25.60,£824.00,41.70%,£696.00,35.20%,6.50%
25/10/2025,324,Dave,Sheffield,Shipping,Mercury Industries,C023,SEO,P003,Network Switch,£130.00,10,"£1,300.00",5%,"£1,235.00",20%,£247.00,"£1,482.00",£72.00,£720.00,£8.00,£80.00,20%,£16.00,£515.00,41.70%,£435.00,35.20%,6.50%
25/11/2025,507,Alexandra,Leeds,Paid,Infinity Innovations,C009,Content Outreach,P006,Monitor Stand,£40.00,16,£640.00,2%,£627.20,20%,£125.44,£752.64,£24.00,£384.00,£7.00,£112.00,20%,£22.40,£243.20,38.80%,£131.20,20.90%,17.90%
25/11/2025,543,Daniel,Manchester,Paid,Sunrise Solutions,C004,Social Media Outreach,P007,Keyboard Tray,£25.00,1,£25.00,8%,£23.00,20%,£4.60,£27.60,£14.00,£14.00,£7.00,£7.00,20%,£1.40,£9.00,39.10%,£2.00,8.70%,30.40%
25/11/2025,648,Jack,Liverpool,Shipping,Infinity Innovations,C009,SEO,P007,Keyboard Tray,£25.00,4,£100.00,5%,£95.00,20%,£19.00,£114.00,£14.00,£56.00,£7.00,£28.00,20%,£5.60,£39.00,41.10%,£11.00,11.60%,29.50%
25/12/2025,36,Mark,Birmingham,Pending,Stellar Systems,C006,SEO,P006,Monitor Stand,£40.00,16,£640.00,12%,£563.20,20%,£112.64,£675.84,£24.00,£384.00,£7.00,£112.00,20%,£22.40,£179.20,31.80%,£67.20,11.90%,19.90%
25/12/2025,61,Mark,Nottingham,Shipping,Acme Corporation,C001,SEO,P005,Software License,£200.00,12,"£2,400.00",6%,"£2,256.00",20%,£451.20,"£2,707.20",£110.00,"£1,320.00", £-   , £-   ,0%, £-   ,£936.00,41.50%,£936.00,41.50%,0.00%
25/12/2025,117,Dave,Birmingham,Paid,Nova Innovations,C018,Social Media Outreach,P010,Standing Desk,£530.00,13,"£6,890.00",2%,"£6,752.20",20%,"£1,350.44","£8,102.64",£360.00,"£4,680.00",£60.00,£780.00,20%,£156.00,"£2,072.20",30.70%,"£1,292.20",19.10%,11.60%
25/12/2025,382,Sarah,Leeds,Paid,Mercury Industries,C023,SEO,P001,Laptop,£220.00,10,"£2,200.00",3%,"£2,134.00",20%,£426.80,"£2,560.80",£140.00,"£1,400.00",£15.00,£150.00,20%,£30.00,£734.00,34.40%,£584.00,27.40%,7.00%
25/12/2025,716,Mark,Bristol,Shipping,Comet Corporation,C016,Referral,P004,Data Storage Device,£70.00,8,£560.00,5%,£532.00,20%,£106.40,£638.40,£30.00,£240.00,£8.00,£64.00,20%,£12.80,£292.00,54.90%,£228.00,42.90%,12.00%
25/12/2025,786,Daniel,Nottingham,Paid,Mars Enterprises,C025,Referral,P008,Cable Management Tray,£20.00,8,£160.00,2%,£156.80,20%,£31.36,£188.16,£12.00,£96.00,£6.00,£48.00,20%,£9.60,£60.80,38.80%,£12.80,8.20%,30.60%
25/12/2025,843,Mark,Liverpool,Shipping,Nova Innovations,C018,Content Outreach,P004,Data Storage Device,£70.00,9,£630.00,8%,£579.60,20%,£115.92,£695.52,£30.00,£270.00,£8.00,£72.00,20%,£14.40,£309.60,53.40%,£237.60,41.00%,12.40%
25/12/2025,852,Jack,Bristol,Pending,Infinity Innovations,C009,SEO,P009,Ergonomic Chair,£190.00,5,£950.00,7%,£883.50,20%,£176.70,"£1,060.20",£115.00,£575.00,£45.00,£225.00,20%,£45.00,£308.50,34.90%,£83.50,9.50%,25.40%
25/12/2025,962,Daniel,Leeds,Shipping,Venus Ventures,C024,Referral,P006,Monitor Stand,£40.00,16,£640.00,2%,£627.20,20%,£125.44,£752.64,£24.00,£384.00,£7.00,£112.00,20%,£22.40,£243.20,38.80%,£131.20,20.90%,17.90%
26/01/2025,275,Dave,Liverpool,Shipping,Lunar Labs,C012,Referral,P004,Data Storage Device,£70.00,16,"£1,120.00",3%,"£1,086.40",20%,£217.28,"£1,303.68",£30.00,£480.00,£8.00,£128.00,20%,£25.60,£606.40,55.80%,£478.40,44.00%,11.80%
26/01/2025,380,Dave,Bristol,Shipping,Cosmic Creations,C008,Referral,P002,Server Key,£150.00,9,"£1,350.00",5%,"£1,282.50",20%,£256.50,"£1,539.00",£80.00,£720.00, £-   , £-   ,0%, £-   ,£562.50,43.90%,£562.50,43.90%,0.00%
26/01/2025,525,Mark,Leeds,Shipping,Nebula Technologies,C007,Referral,P008,Cable Management Tray,£20.00,14,£280.00,6%,£263.20,20%,£52.64,£315.84,£12.00,£168.00,£6.00,£84.00,20%,£16.80,£95.20,36.20%,£11.20,4.30%,31.90%
26/01/2025,976,Mark,Brighton,Shipping,Aurora Enterprises,C010,Referral,P006,Monitor Stand,£40.00,20,£800.00,7%,£744.00,20%,£148.80,£892.80,£24.00,£480.00,£7.00,£140.00,20%,£28.00,£264.00,35.50%,£124.00,16.70%,18.80%
26/02/2025,238,Lisa,Sheffield,Paid,Solar Solutions,C011,Website,P006,Monitor Stand,£40.00,11,£440.00,5%,£418.00,20%,£83.60,£501.60,£24.00,£264.00,£7.00,£77.00,20%,£15.40,£154.00,36.80%,£77.00,18.40%,18.40%
26/02/2025,448,Alexandra,Birmingham,Paid,Supernova Solutions,C014,SEO,P006,Monitor Stand,£40.00,9,£360.00,5%,£342.00,20%,£68.40,£410.40,£24.00,£216.00,£7.00,£63.00,20%,£12.60,£126.00,36.80%,£63.00,18.40%,18.40%
26/02/2025,930,Daniel,Sheffield,Paid,Saturn Solutions,C022,Events Outreach,P010,Standing Desk,£530.00,14,"£7,420.00",7%,"£6,900.60",20%,"£1,380.12","£8,280.72",£360.00,"£5,040.00",£60.00,£840.00,20%,£168.00,"£1,860.60",27.00%,"£1,020.60",14.80%,12.20%
26/03/2025,33,Dave,Nottingham,Paid,Aurora Enterprises,C010,Referral,P005,Software License,£200.00,11,"£2,200.00",3%,"£2,134.00",20%,£426.80,"£2,560.80",£110.00,"£1,210.00", £-   , £-   ,0%, £-   ,£924.00,43.30%,£924.00,43.30%,0.00%
26/04/2025,114,Mark,Leeds,Pending,Lunar Labs,C012,Referral,P009,Ergonomic Chair,£190.00,7,"£1,330.00",5%,"£1,263.50",20%,£252.70,"£1,516.20",£115.00,£805.00,£45.00,£315.00,20%,£63.00,£458.50,36.30%,£143.50,11.40%,24.90%
26/05/2025,56,Sarah,London,Pending,Cosmic Creations,C008,Content Outreach,P008,Cable Management Tray,£20.00,15,£300.00,10%,£270.00,20%,£54.00,£324.00,£12.00,£180.00,£6.00,£90.00,20%,£18.00,£90.00,33.30%, £-   ,0.00%,33.30%
26/05/2025,220,Sarah,London,Shipping,Acme Corporation,C001,Website,P003,Network Switch,£130.00,6,£780.00,5%,£741.00,20%,£148.20,£889.20,£72.00,£432.00,£8.00,£48.00,20%,£9.60,£309.00,41.70%,£261.00,35.20%,6.50%
26/06/2025,153,Alexandra,Nottingham,Paid,Venus Ventures,C024,SEO,P003,Network Switch,£130.00,17,"£2,210.00",6%,"£2,077.40",20%,£415.48,"£2,492.88",£72.00,"£1,224.00",£8.00,£136.00,20%,£27.20,£853.40,41.10%,£717.40,34.50%,6.60%
26/06/2025,411,Mark,London,Paid,Galactic Enterprises,C003,Referral,P004,Data Storage Device,£70.00,18,"£1,260.00",5%,"£1,197.00",20%,£239.40,"£1,436.40",£30.00,£540.00,£8.00,£144.00,20%,£28.80,£657.00,54.90%,£513.00,42.90%,12.00%
26/06/2025,929,Mark,Manchester,Shipping,Nova Innovations,C018,SEO,P004,Data Storage Device,£70.00,4,£280.00,6%,£263.20,20%,£52.64,£315.84,£30.00,£120.00,£8.00,£32.00,20%,£6.40,£143.20,54.40%,£111.20,42.20%,12.20%
26/07/2025,767,Lisa,Sheffield,Paid,Venus Ventures,C024,Content Outreach,P010,Standing Desk,£530.00,10,"£5,300.00",9%,"£4,823.00",20%,£964.60,"£5,787.60",£360.00,"£3,600.00",£60.00,£600.00,20%,£120.00,"£1,223.00",25.40%,£623.00,12.90%,12.50%
26/08/2025,19,Dave,Liverpool,Paid,Planetary Partners,C021,Social Media Outreach,P004,Data Storage Device,£70.00,17,"£1,190.00",6%,"£1,118.60",20%,£223.72,"£1,342.32",£30.00,£510.00,£8.00,£136.00,20%,£27.20,£608.60,54.40%,£472.60,42.20%,12.20%
26/08/2025,583,Lucas,Brighton,Paid,Galactic Enterprises,C003,Content Outreach,P008,Cable Management Tray,£20.00,14,£280.00,10%,£252.00,20%,£50.40,£302.40,£12.00,£168.00,£6.00,£84.00,20%,£16.80,£84.00,33.30%, £-   ,0.00%,33.30%
26/08/2025,991,Sarah,Sheffield,Shipping,Lunar Labs,C012,SEO,P004,Data Storage Device,£70.00,2,£140.00,6%,£131.60,20%,£26.32,£157.92,£30.00,£60.00,£8.00,£16.00,20%,£3.20,£71.60,54.40%,£55.60,42.20%,12.20%
26/09/2025,106,Lucas,Bristol,Paid,Celestial Industries,C013,Social Media Outreach,P002,Server Key,£150.00,8,"£1,200.00",3%,"£1,164.00",20%,£232.80,"£1,396.80",£80.00,£640.00, £-   , £-   ,0%, £-   ,£524.00,45.00%,£524.00,45.00%,0.00%
26/09/2025,178,Lucas,Bristol,Pending,Comet Corporation,C016,SEO,P001,Laptop,£220.00,17,"£3,740.00",9%,"£3,403.40",20%,£680.68,"£4,084.08",£140.00,"£2,380.00",£15.00,£255.00,20%,£51.00,"£1,023.40",30.10%,£768.40,22.60%,7.50%
26/09/2025,770,Lisa,Leeds,Pending,Lunar Labs,C012,SEO,P006,Monitor Stand,£40.00,11,£440.00,4%,£422.40,20%,£84.48,£506.88,£24.00,£264.00,£7.00,£77.00,20%,£15.40,£158.40,37.50%,£81.40,19.30%,18.20%
26/10/2025,378,Mark,Birmingham,Shipping,Acme Corporation,C001,SEO,P001,Laptop,£220.00,3,£660.00,8%,£607.20,20%,£121.44,£728.64,£140.00,£420.00,£15.00,£45.00,20%,£9.00,£187.20,30.80%,£142.20,23.40%,7.40%
26/11/2025,318,Alexandra,Newcastle,Pending,Solar Solutions,C011,SEO,P008,Cable Management Tray,£20.00,9,£180.00,5%,£171.00,20%,£34.20,£205.20,£12.00,£108.00,£6.00,£54.00,20%,£10.80,£63.00,36.80%,£9.00,5.30%,31.50%
26/11/2025,420,Alexandra,London,Shipping,Saturn Solutions,C022,SEO,P005,Software License,£200.00,8,"£1,600.00",7%,"£1,488.00",20%,£297.60,"£1,785.60",£110.00,£880.00, £-   , £-   ,0%, £-   ,£608.00,40.90%,£608.00,40.90%,0.00%
26/11/2025,431,Sarah,Manchester,Paid,Mars Enterprises,C025,SEO,P008,Cable Management Tray,£20.00,2,£40.00,5%,£38.00,20%,£7.60,£45.60,£12.00,£24.00,£6.00,£12.00,20%,£2.40,£14.00,36.80%,£2.00,5.30%,31.50%
26/11/2025,502,Sarah,Manchester,Shipping,Starlight Industries,C002,Referral,P004,Data Storage Device,£70.00,17,"£1,190.00",8%,"£1,094.80",20%,£218.96,"£1,313.76",£30.00,£510.00,£8.00,£136.00,20%,£27.20,£584.80,53.40%,£448.80,41.00%,12.40%
26/11/2025,531,Dave,Leeds,Paid,Aurora Enterprises,C010,Referral,P006,Monitor Stand,£40.00,14,£560.00,10%,£504.00,20%,£100.80,£604.80,£24.00,£336.00,£7.00,£98.00,20%,£19.60,£168.00,33.30%,£70.00,13.90%,19.40%
26/11/2025,735,Jack,Birmingham,Shipping,Celestial Industries,C013,Referral,P001,Laptop,£220.00,3,£660.00,4%,£633.60,20%,£126.72,£760.32,£140.00,£420.00,£15.00,£45.00,20%,£9.00,£213.60,33.70%,£168.60,26.60%,7.10%
26/12/2025,49,Mark,Birmingham,Pending,Infinity Innovations,C009,Events Outreach,P006,Monitor Stand,£40.00,19,£760.00,8%,£699.20,20%,£139.84,£839.04,£24.00,£456.00,£7.00,£133.00,20%,£26.60,£243.20,34.80%,£110.20,15.80%,19.00%
26/12/2025,399,Alexandra,Bristol,Paid,Aurora Enterprises,C010,Content Outreach,P004,Data Storage Device,£70.00,11,£770.00,3%,£746.90,20%,£149.38,£896.28,£30.00,£330.00,£8.00,£88.00,20%,£17.60,£416.90,55.80%,£328.90,44.00%,11.80%
27/01/2025,696,Mark,Leeds,Shipping,AstroTech,C017,Events Outreach,P002,Server Key,£150.00,1,£150.00,5%,£142.50,20%,£28.50,£171.00,£80.00,£80.00, £-   , £-   ,0%, £-   ,£62.50,43.90%,£62.50,43.90%,0.00%
27/02/2025,3,Lisa,Birmingham,Paid,Infinity Innovations,C009,Website,P001,Laptop,£220.00,16,"£3,520.00",5%,"£3,344.00",20%,£668.80,"£4,012.80",£140.00,"£2,240.00",£15.00,£240.00,20%,£48.00,"£1,104.00",33.00%,£864.00,25.80%,7.20%
27/02/2025,23,Jack,Leeds,Paid,Venus Ventures,C024,Social Media Outreach,P004,Data Storage Device,£70.00,12,£840.00,9%,£764.40,20%,£152.88,£917.28,£30.00,£360.00,£8.00,£96.00,20%,£19.20,£404.40,52.90%,£308.40,40.30%,12.60%
27/02/2025,620,Jack,Bristol,Shipping,Stellar Systems,C006,Content Outreach,P001,Laptop,£220.00,16,"£3,520.00",7%,"£3,273.60",20%,£654.72,"£3,928.32",£140.00,"£2,240.00",£15.00,£240.00,20%,£48.00,"£1,033.60",31.60%,£793.60,24.20%,7.40%
27/02/2025,650,Alexandra,London,Paid,Nebula Technologies,C007,SEO,P008,Cable Management Tray,£20.00,11,£220.00,6%,£206.80,20%,£41.36,£248.16,£12.00,£132.00,£6.00,£66.00,20%,£13.20,£74.80,36.20%,£8.80,4.30%,31.90%
27/03/2025,854,Lucas,Birmingham,Paid,Moonbeam Innovations,C005,Content Outreach,P003,Network Switch,£130.00,9,"£1,170.00",7%,"£1,088.10",20%,£217.62,"£1,305.72",£72.00,£648.00,£8.00,£72.00,20%,£14.40,£440.10,40.40%,£368.10,33.80%,6.60%
27/03/2025,907,Sarah,Manchester,Shipping,Cosmic Creations,C008,SEO,P004,Data Storage Device,£70.00,5,£350.00,5%,£332.50,20%,£66.50,£399.00,£30.00,£150.00,£8.00,£40.00,20%,£8.00,£182.50,54.90%,£142.50,42.90%,12.00%
27/03/2025,915,Jack,Birmingham,Pending,Planetary Partners,C021,Events Outreach,P007,Keyboard Tray,£25.00,2,£50.00,8%,£46.00,20%,£9.20,£55.20,£14.00,£28.00,£7.00,£14.00,20%,£2.80,£18.00,39.10%,£4.00,8.70%,30.40%
27/04/2025,755,Daniel,Sheffield,Paid,Lunar Labs,C012,SEO,P001,Laptop,£220.00,16,"£3,520.00",2%,"£3,449.60",20%,£689.92,"£4,139.52",£140.00,"£2,240.00",£15.00,£240.00,20%,£48.00,"£1,209.60",35.10%,£969.60,28.10%,7.00%
27/04/2025,860,Sarah,Liverpool,Shipping,Supernova Solutions,C014,Referral,P001,Laptop,£220.00,13,"£2,860.00",9%,"£2,602.60",20%,£520.52,"£3,123.12",£140.00,"£1,820.00",£15.00,£195.00,20%,£39.00,£782.60,30.10%,£587.60,22.60%,7.50%
27/04/2025,919,Sarah,Newcastle,Paid,Saturn Solutions,C022,Content Outreach,P001,Laptop,£220.00,7,"£1,540.00",5%,"£1,463.00",20%,£292.60,"£1,755.60",£140.00,£980.00,£15.00,£105.00,20%,£21.00,£483.00,33.00%,£378.00,25.80%,7.20%
27/05/2025,54,Sarah,Newcastle,Paid,Cosmos Creations,C020,SEO,P004,Data Storage Device,£70.00,13,£910.00,9%,£828.10,20%,£165.62,£993.72,£30.00,£390.00,£8.00,£104.00,20%,£20.80,£438.10,52.90%,£334.10,40.30%,12.60%
27/05/2025,67,Lucas,Nottingham,Shipping,Lunar Labs,C012,Referral,P005,Software License,£200.00,15,"£3,000.00",12%,"£2,640.00",20%,£528.00,"£3,168.00",£110.00,"£1,650.00", £-   , £-   ,0%, £-   ,£990.00,37.50%,£990.00,37.50%,0.00%
27/05/2025,141,Jack,Sheffield,Paid,Solar Solutions,C011,Website,P006,Monitor Stand,£40.00,17,£680.00,7%,£632.40,20%,£126.48,£758.88,£24.00,£408.00,£7.00,£119.00,20%,£23.80,£224.40,35.50%,£105.40,16.70%,18.80%
27/05/2025,196,Lucas,Sheffield,Pending,Interstellar Enterprises,C019,Referral,P004,Data Storage Device,£70.00,19,"£1,330.00",3%,"£1,290.10",20%,£258.02,"£1,548.12",£30.00,£570.00,£8.00,£152.00,20%,£30.40,£720.10,55.80%,£568.10,44.00%,11.80%
27/05/2025,263,Daniel,Sheffield,Paid,Nebula Technologies,C007,Content Outreach,P010,Standing Desk,£530.00,8,"£4,240.00",7%,"£3,943.20",20%,£788.64,"£4,731.84",£360.00,"£2,880.00",£60.00,£480.00,20%,£96.00,"£1,063.20",27.00%,£583.20,14.80%,12.20%
27/05/2025,483,Mark,Sheffield,Paid,Planetary Partners,C021,Website,P007,Keyboard Tray,£25.00,2,£50.00,8%,£46.00,20%,£9.20,£55.20,£14.00,£28.00,£7.00,£14.00,20%,£2.80,£18.00,39.10%,£4.00,8.70%,30.40%
27/06/2025,74,Lisa,Manchester,Paid,Galactic Enterprises,C003,Referral,P007,Keyboard Tray,£25.00,5,£125.00,1%,£123.75,20%,£24.75,£148.50,£14.00,£70.00,£7.00,£35.00,20%,£7.00,£53.75,43.40%,£18.75,15.20%,28.20%
27/06/2025,156,Dave,London,Paid,Comet Corporation,C016,Social Media Outreach,P005,Software License,£200.00,13,"£2,600.00",2%,"£2,548.00",20%,£509.60,"£3,057.60",£110.00,"£1,430.00", £-   , £-   ,0%, £-   ,"£1,118.00",43.90%,"£1,118.00",43.90%,0.00%
27/06/2025,436,Lisa,Bristol,Pending,Celestial Industries,C013,SEO,P005,Software License,£200.00,16,"£3,200.00",3%,"£3,104.00",20%,£620.80,"£3,724.80",£110.00,"£1,760.00", £-   , £-   ,0%, £-   ,"£1,344.00",43.30%,"£1,344.00",43.30%,0.00%
27/06/2025,445,Mark,Manchester,Pending,Mercury Industries,C023,Social Media Outreach,P003,Network Switch,£130.00,13,"£1,690.00",2%,"£1,656.20",20%,£331.24,"£1,987.44",£72.00,£936.00,£8.00,£104.00,20%,£20.80,£720.20,43.50%,£616.20,37.20%,6.30%
27/06/2025,549,Jack,Newcastle,Pending,Interstellar Enterprises,C019,Content Outreach,P003,Network Switch,£130.00,11,"£1,430.00",4%,"£1,372.80",20%,£274.56,"£1,647.36",£72.00,£792.00,£8.00,£88.00,20%,£17.60,£580.80,42.30%,£492.80,35.90%,6.40%
27/06/2025,918,Dave,Manchester,Pending,Venus Ventures,C024,SEO,P006,Monitor Stand,£40.00,8,£320.00,6%,£300.80,20%,£60.16,£360.96,£24.00,£192.00,£7.00,£56.00,20%,£11.20,£108.80,36.20%,£52.80,17.60%,18.60%
27/07/2025,816,Lisa,Newcastle,Shipping,Saturn Solutions,C022,Events Outreach,P004,Data Storage Device,£70.00,16,"£1,120.00",3%,"£1,086.40",20%,£217.28,"£1,303.68",£30.00,£480.00,£8.00,£128.00,20%,£25.60,£606.40,55.80%,£478.40,44.00%,11.80%
27/09/2025,171,Mark,Sheffield,Pending,Infinity Innovations,C009,Content Outreach,P004,Data Storage Device,£70.00,13,£910.00,8%,£837.20,20%,£167.44,"£1,004.64",£30.00,£390.00,£8.00,£104.00,20%,£20.80,£447.20,53.40%,£343.20,41.00%,12.40%
27/09/2025,383,Daniel,Nottingham,Shipping,Nebula Technologies,C007,SEO,P008,Cable Management Tray,£20.00,13,£260.00,2%,£254.80,20%,£50.96,£305.76,£12.00,£156.00,£6.00,£78.00,20%,£15.60,£98.80,38.80%,£20.80,8.20%,30.60%
27/09/2025,529,Mark,Liverpool,Paid,Lunar Labs,C012,SEO,P006,Monitor Stand,£40.00,20,£800.00,3%,£776.00,20%,£155.20,£931.20,£24.00,£480.00,£7.00,£140.00,20%,£28.00,£296.00,38.10%,£156.00,20.10%,18.00%
27/09/2025,773,Lucas,Liverpool,Paid,Aurora Enterprises,C010,Content Outreach,P002,Server Key,£150.00,19,"£2,850.00",6%,"£2,679.00",20%,£535.80,"£3,214.80",£80.00,"£1,520.00", £-   , £-   ,0%, £-   ,"£1,159.00",43.30%,"£1,159.00",43.30%,0.00%
27/11/2025,15,Jack,London,Paid,Mars Enterprises,C025,SEO,P001,Laptop,£220.00,12,"£2,640.00",7%,"£2,455.20",20%,£491.04,"£2,946.24",£140.00,"£1,680.00",£15.00,£180.00,20%,£36.00,£775.20,31.60%,£595.20,24.20%,7.40%
27/11/2025,185,Jack,Nottingham,Shipping,Venus Ventures,C024,SEO,P004,Data Storage Device,£70.00,12,£840.00,6%,£789.60,20%,£157.92,£947.52,£30.00,£360.00,£8.00,£96.00,20%,£19.20,£429.60,54.40%,£333.60,42.20%,12.20%
28/01/2025,964,Jack,Nottingham,Shipping,Cosmos Creations,C020,Website,P004,Data Storage Device,£70.00,9,£630.00,5%,£598.50,20%,£119.70,£718.20,£30.00,£270.00,£8.00,£72.00,20%,£14.40,£328.50,54.90%,£256.50,42.90%,12.00%
28/01/2025,977,Jack,Newcastle,Paid,Stellar Systems,C006,Referral,P001,Laptop,£220.00,14,"£3,080.00",8%,"£2,833.60",20%,£566.72,"£3,400.32",£140.00,"£1,960.00",£15.00,£210.00,20%,£42.00,£873.60,30.80%,£663.60,23.40%,7.40%
28/02/2025,564,Lisa,Newcastle,Shipping,Planetary Partners,C021,Social Media Outreach,P006,Monitor Stand,£40.00,20,£800.00,8%,£736.00,20%,£147.20,£883.20,£24.00,£480.00,£7.00,£140.00,20%,£28.00,£256.00,34.80%,£116.00,15.80%,19.00%
28/03/2025,193,Lisa,Newcastle,Pending,Solar Solutions,C011,Social Media Outreach,P003,Network Switch,£130.00,19,"£2,470.00",10%,"£2,223.00",20%,£444.60,"£2,667.60",£72.00,"£1,368.00",£8.00,£152.00,20%,£30.40,£855.00,38.50%,£703.00,31.60%,6.90%
28/03/2025,253,Dave,Brighton,Pending,Aurora Enterprises,C010,Content Outreach,P010,Standing Desk,£530.00,11,"£5,830.00",12%,"£5,130.40",20%,"£1,026.08","£6,156.48",£360.00,"£3,960.00",£60.00,£660.00,20%,£132.00,"£1,170.40",22.80%,£510.40,9.90%,12.90%
28/04/2025,373,Alexandra,Sheffield,Shipping,Moonbeam Innovations,C005,Social Media Outreach,P003,Network Switch,£130.00,14,"£1,820.00",2%,"£1,783.60",20%,£356.72,"£2,140.32",£72.00,"£1,008.00",£8.00,£112.00,20%,£22.40,£775.60,43.50%,£663.60,37.20%,6.30%
28/04/2025,524,Dave,Nottingham,Pending,Nebula Technologies,C007,Social Media Outreach,P006,Monitor Stand,£40.00,16,£640.00,5%,£608.00,20%,£121.60,£729.60,£24.00,£384.00,£7.00,£112.00,20%,£22.40,£224.00,36.80%,£112.00,18.40%,18.40%
28/04/2025,556,Daniel,Liverpool,Shipping,Saturn Solutions,C022,Referral,P002,Server Key,£150.00,7,"£1,050.00",6%,£987.00,20%,£197.40,"£1,184.40",£80.00,£560.00, £-   , £-   ,0%, £-   ,£427.00,43.30%,£427.00,43.30%,0.00%
28/04/2025,597,Daniel,Liverpool,Shipping,Planetary Partners,C021,SEO,P001,Laptop,£220.00,11,"£2,420.00",5%,"£2,299.00",20%,£459.80,"£2,758.80",£140.00,"£1,540.00",£15.00,£165.00,20%,£33.00,£759.00,33.00%,£594.00,25.80%,7.20%
28/04/2025,646,Alexandra,Newcastle,Pending,Venus Ventures,C024,SEO,P004,Data Storage Device,£70.00,2,£140.00,4%,£134.40,20%,£26.88,£161.28,£30.00,£60.00,£8.00,£16.00,20%,£3.20,£74.40,55.40%,£58.40,43.50%,11.90%
28/04/2025,737,Daniel,Sheffield,Paid,Nova Innovations,C018,Content Outreach,P010,Standing Desk,£530.00,8,"£4,240.00",2%,"£4,155.20",20%,£831.04,"£4,986.24",£360.00,"£2,880.00",£60.00,£480.00,20%,£96.00,"£1,275.20",30.70%,£795.20,19.10%,11.60%
28/04/2025,994,Lisa,Birmingham,Paid,Nebula Technologies,C007,SEO,P001,Laptop,£220.00,18,"£3,960.00",3%,"£3,841.20",20%,£768.24,"£4,609.44",£140.00,"£2,520.00",£15.00,£270.00,20%,£54.00,"£1,321.20",34.40%,"£1,051.20",27.40%,7.00%
28/05/2025,52,Mark,Leeds,Pending,Saturn Solutions,C022,Referral,P001,Laptop,£220.00,13,"£2,860.00",5%,"£2,717.00",20%,£543.40,"£3,260.40",£140.00,"£1,820.00",£15.00,£195.00,20%,£39.00,£897.00,33.00%,£702.00,25.80%,7.20%
28/05/2025,329,Sarah,Nottingham,Pending,Galactic Enterprises,C003,Events Outreach,P005,Software License,£200.00,3,£600.00,6%,£564.00,20%,£112.80,£676.80,£110.00,£330.00, £-   , £-   ,0%, £-   ,£234.00,41.50%,£234.00,41.50%,0.00%
28/06/2025,450,Lucas,Brighton,Paid,Moonbeam Innovations,C005,SEO,P006,Monitor Stand,£40.00,5,£200.00,8%,£184.00,20%,£36.80,£220.80,£24.00,£120.00,£7.00,£35.00,20%,£7.00,£64.00,34.80%,£29.00,15.80%,19.00%
28/06/2025,462,Mark,Bristol,Shipping,Orion Enterprises,C015,Events Outreach,P003,Network Switch,£130.00,16,"£2,080.00",5%,"£1,976.00",20%,£395.20,"£2,371.20",£72.00,"£1,152.00",£8.00,£128.00,20%,£25.60,£824.00,41.70%,£696.00,35.20%,6.50%
28/06/2025,870,Dave,London,Pending,Cosmos Creations,C020,SEO,P001,Laptop,£220.00,7,"£1,540.00",3%,"£1,493.80",20%,£298.76,"£1,792.56",£140.00,£980.00,£15.00,£105.00,20%,£21.00,£513.80,34.40%,£408.80,27.40%,7.00%
28/06/2025,895,Lucas,Newcastle,Pending,Infinity Innovations,C009,Social Media Outreach,P006,Monitor Stand,£40.00,6,£240.00,3%,£232.80,20%,£46.56,£279.36,£24.00,£144.00,£7.00,£42.00,20%,£8.40,£88.80,38.10%,£46.80,20.10%,18.00%
28/08/2025,607,Mark,London,Shipping,AstroTech,C017,SEO,P003,Network Switch,£130.00,2,£260.00,8%,£239.20,20%,£47.84,£287.04,£72.00,£144.00,£8.00,£16.00,20%,£3.20,£95.20,39.80%,£79.20,33.10%,6.70%
28/09/2025,429,Lucas,Sheffield,Paid,Stellar Systems,C006,SEO,P008,Cable Management Tray,£20.00,16,£320.00,4%,£307.20,20%,£61.44,£368.64,£12.00,£192.00,£6.00,£96.00,20%,£19.20,£115.20,37.50%,£19.20,6.30%,31.20%
28/10/2025,183,Alexandra,Manchester,Pending,Mars Enterprises,C025,SEO,P010,Standing Desk,£530.00,14,"£7,420.00",5%,"£7,049.00",20%,"£1,409.80","£8,458.80",£360.00,"£5,040.00",£60.00,£840.00,20%,£168.00,"£2,009.00",28.50%,"£1,169.00",16.60%,11.90%
28/10/2025,544,Daniel,Newcastle,Pending,Galactic Enterprises,C003,SEO,P003,Network Switch,£130.00,2,£260.00,7%,£241.80,20%,£48.36,£290.16,£72.00,£144.00,£8.00,£16.00,20%,£3.20,£97.80,40.40%,£81.80,33.80%,6.60%
28/10/2025,615,Alexandra,London,Pending,Cosmic Creations,C008,SEO,P010,Standing Desk,£530.00,10,"£5,300.00",4%,"£5,088.00",20%,"£1,017.60","£6,105.60",£360.00,"£3,600.00",£60.00,£600.00,20%,£120.00,"£1,488.00",29.20%,£888.00,17.50%,11.70%
28/10/2025,724,Lisa,Sheffield,Shipping,Mercury Industries,C023,Website,P010,Standing Desk,£530.00,5,"£2,650.00",2%,"£2,597.00",20%,£519.40,"£3,116.40",£360.00,"£1,800.00",£60.00,£300.00,20%,£60.00,£797.00,30.70%,£497.00,19.10%,11.60%
28/10/2025,967,Jack,Newcastle,Shipping,Aurora Enterprises,C010,SEO,P006,Monitor Stand,£40.00,13,£520.00,8%,£478.40,20%,£95.68,£574.08,£24.00,£312.00,£7.00,£91.00,20%,£18.20,£166.40,34.80%,£75.40,15.80%,19.00%
28/11/2025,499,Lucas,Birmingham,Shipping,Venus Ventures,C024,SEO,P007,Keyboard Tray,£25.00,5,£125.00,5%,£118.75,20%,£23.75,£142.50,£14.00,£70.00,£7.00,£35.00,20%,£7.00,£48.75,41.10%,£13.75,11.60%,29.50%
28/11/2025,777,Jack,Birmingham,Pending,Galactic Enterprises,C003,Website,P008,Cable Management Tray,£20.00,1,£20.00,3%,£19.40,20%,£3.88,£23.28,£12.00,£12.00,£6.00,£6.00,20%,£1.20,£7.40,38.10%,£1.40,7.20%,30.90%
28/12/2025,310,Dave,Sheffield,Paid,Orion Enterprises,C015,SEO,P002,Server Key,£150.00,9,"£1,350.00",7%,"£1,255.50",20%,£251.10,"£1,506.60",£80.00,£720.00, £-   , £-   ,0%, £-   ,£535.50,42.70%,£535.50,42.70%,0.00%
28/12/2025,376,Sarah,Bristol,Pending,Lunar Labs,C012,Referral,P003,Network Switch,£130.00,18,"£2,340.00",10%,"£2,106.00",20%,£421.20,"£2,527.20",£72.00,"£1,296.00",£8.00,£144.00,20%,£28.80,£810.00,38.50%,£666.00,31.60%,6.90%
28/12/2025,394,Jack,Liverpool,Shipping,Solar Solutions,C011,Website,P006,Monitor Stand,£40.00,19,£760.00,4%,£729.60,20%,£145.92,£875.52,£24.00,£456.00,£7.00,£133.00,20%,£26.60,£273.60,37.50%,£140.60,19.30%,18.20%
29/01/2025,181,Lucas,Bristol,Shipping,Interstellar Enterprises,C019,Content Outreach,P010,Standing Desk,£530.00,7,"£3,710.00",4%,"£3,561.60",20%,£712.32,"£4,273.92",£360.00,"£2,520.00",£60.00,£420.00,20%,£84.00,"£1,041.60",29.20%,£621.60,17.50%,11.70%
29/01/2025,746,Lisa,Leeds,Shipping,Infinity Innovations,C009,Content Outreach,P006,Monitor Stand,£40.00,18,£720.00,3%,£698.40,20%,£139.68,£838.08,£24.00,£432.00,£7.00,£126.00,20%,£25.20,£266.40,38.10%,£140.40,20.10%,18.00%
29/01/2025,780,Alexandra,Manchester,Pending,Sunrise Solutions,C004,Referral,P010,Standing Desk,£530.00,1,£530.00,12%,£466.40,20%,£93.28,£559.68,£360.00,£360.00,£60.00,£60.00,20%,£12.00,£106.40,22.80%,£46.40,9.90%,12.90%
29/03/2025,14,Daniel,Brighton,Shipping,Moonbeam Innovations,C005,SEO,P001,Laptop,£220.00,9,"£1,980.00",5%,"£1,881.00",20%,£376.20,"£2,257.20",£140.00,"£1,260.00",£15.00,£135.00,20%,£27.00,£621.00,33.00%,£486.00,25.80%,7.20%
29/04/2025,715,Sarah,Newcastle,Paid,Saturn Solutions,C022,SEO,P005,Software License,£200.00,18,"£3,600.00",3%,"£3,492.00",20%,£698.40,"£4,190.40",£110.00,"£1,980.00", £-   , £-   ,0%, £-   ,"£1,512.00",43.30%,"£1,512.00",43.30%,0.00%
29/05/2025,557,Sarah,Brighton,Shipping,Mercury Industries,C023,SEO,P005,Software License,£200.00,14,"£2,800.00",6%,"£2,632.00",20%,£526.40,"£3,158.40",£110.00,"£1,540.00", £-   , £-   ,0%, £-   ,"£1,092.00",41.50%,"£1,092.00",41.50%,0.00%
29/05/2025,647,Lucas,Brighton,Paid,Cosmic Creations,C008,Referral,P002,Server Key,£150.00,16,"£2,400.00",3%,"£2,328.00",20%,£465.60,"£2,793.60",£80.00,"£1,280.00", £-   , £-   ,0%, £-   ,"£1,048.00",45.00%,"£1,048.00",45.00%,0.00%
29/06/2025,442,Dave,Manchester,Shipping,Infinity Innovations,C009,SEO,P002,Server Key,£150.00,19,"£2,850.00",5%,"£2,707.50",20%,£541.50,"£3,249.00",£80.00,"£1,520.00", £-   , £-   ,0%, £-   ,"£1,187.50",43.90%,"£1,187.50",43.90%,0.00%
29/06/2025,643,Alexandra,Manchester,Pending,Starlight Industries,C002,Events Outreach,P003,Network Switch,£130.00,3,£390.00,9%,£354.90,20%,£70.98,£425.88,£72.00,£216.00,£8.00,£24.00,20%,£4.80,£138.90,39.10%,£114.90,32.40%,6.70%
29/06/2025,841,Lucas,Brighton,Paid,Venus Ventures,C024,SEO,P010,Standing Desk,£530.00,1,£530.00,10%,£477.00,20%,£95.40,£572.40,£360.00,£360.00,£60.00,£60.00,20%,£12.00,£117.00,24.50%,£57.00,11.90%,12.60%
29/06/2025,971,Lisa,Sheffield,Paid,Galactic Enterprises,C003,Referral,P009,Ergonomic Chair,£190.00,8,"£1,520.00",3%,"£1,474.40",20%,£294.88,"£1,769.28",£115.00,£920.00,£45.00,£360.00,20%,£72.00,£554.40,37.60%,£194.40,13.20%,24.40%
29/07/2025,222,Sarah,London,Shipping,Galactic Enterprises,C003,SEO,P001,Laptop,£220.00,7,"£1,540.00",12%,"£1,355.20",20%,£271.04,"£1,626.24",£140.00,£980.00,£15.00,£105.00,20%,£21.00,£375.20,27.70%,£270.20,19.90%,7.80%
29/07/2025,391,Daniel,Sheffield,Shipping,Saturn Solutions,C022,Events Outreach,P007,Keyboard Tray,£25.00,18,£450.00,6%,£423.00,20%,£84.60,£507.60,£14.00,£252.00,£7.00,£126.00,20%,£25.20,£171.00,40.40%,£45.00,10.60%,29.80%
29/08/2025,58,Daniel,Liverpool,Pending,Cosmic Creations,C008,Events Outreach,P006,Monitor Stand,£40.00,17,£680.00,3%,£659.60,20%,£131.92,£791.52,£24.00,£408.00,£7.00,£119.00,20%,£23.80,£251.60,38.10%,£132.60,20.10%,18.00%
29/08/2025,70,Daniel,Bristol,Pending,Supernova Solutions,C014,SEO,P004,Data Storage Device,£70.00,6,£420.00,5%,£399.00,20%,£79.80,£478.80,£30.00,£180.00,£8.00,£48.00,20%,£9.60,£219.00,54.90%,£171.00,42.90%,12.00%
29/08/2025,125,Mark,London,Shipping,Saturn Solutions,C022,SEO,P001,Laptop,£220.00,10,"£2,200.00",2%,"£2,156.00",20%,£431.20,"£2,587.20",£140.00,"£1,400.00",£15.00,£150.00,20%,£30.00,£756.00,35.10%,£606.00,28.10%,7.00%
29/08/2025,654,Lisa,Manchester,Shipping,Stellar Systems,C006,SEO,P004,Data Storage Device,£70.00,15,"£1,050.00",5%,£997.50,20%,£199.50,"£1,197.00",£30.00,£450.00,£8.00,£120.00,20%,£24.00,£547.50,54.90%,£427.50,42.90%,12.00%
29/08/2025,998,Daniel,Leeds,Paid,Interstellar Enterprises,C019,SEO,P006,Monitor Stand,£40.00,17,£680.00,8%,£625.60,20%,£125.12,£750.72,£24.00,£408.00,£7.00,£119.00,20%,£23.80,£217.60,34.80%,£98.60,15.80%,19.00%
29/10/2025,402,Lisa,Manchester,Shipping,Mars Enterprises,C025,SEO,P003,Network Switch,£130.00,5,£650.00,6%,£611.00,20%,£122.20,£733.20,£72.00,£360.00,£8.00,£40.00,20%,£8.00,£251.00,41.10%,£211.00,34.50%,6.60%
29/10/2025,437,Lucas,Birmingham,Pending,Celestial Industries,C013,Events Outreach,P003,Network Switch,£130.00,16,"£2,080.00",5%,"£1,976.00",20%,£395.20,"£2,371.20",£72.00,"£1,152.00",£8.00,£128.00,20%,£25.60,£824.00,41.70%,£696.00,35.20%,6.50%
29/11/2025,593,Mark,Sheffield,Paid,Venus Ventures,C024,SEO,P001,Laptop,£220.00,11,"£2,420.00",10%,"£2,178.00",20%,£435.60,"£2,613.60",£140.00,"£1,540.00",£15.00,£165.00,20%,£33.00,£638.00,29.30%,£473.00,21.70%,7.60%
30/01/2025,237,Alexandra,Brighton,Shipping,AstroTech,C017,Referral,P006,Monitor Stand,£40.00,20,£800.00,5%,£760.00,20%,£152.00,£912.00,£24.00,£480.00,£7.00,£140.00,20%,£28.00,£280.00,36.80%,£140.00,18.40%,18.40%
30/01/2025,858,Lucas,Newcastle,Paid,Cosmos Creations,C020,Referral,P005,Software License,£200.00,19,"£3,800.00",5%,"£3,610.00",20%,£722.00,"£4,332.00",£110.00,"£2,090.00", £-   , £-   ,0%, £-   ,"£1,520.00",42.10%,"£1,520.00",42.10%,0.00%
30/03/2025,146,Jack,Birmingham,Pending,Infinity Innovations,C009,Events Outreach,P008,Cable Management Tray,£20.00,19,£380.00,4%,£364.80,20%,£72.96,£437.76,£12.00,£228.00,£6.00,£114.00,20%,£22.80,£136.80,37.50%,£22.80,6.30%,31.20%
30/03/2025,307,Sarah,Manchester,Shipping,Stellar Systems,C006,SEO,P002,Server Key,£150.00,2,£300.00,5%,£285.00,20%,£57.00,£342.00,£80.00,£160.00, £-   , £-   ,0%, £-   ,£125.00,43.90%,£125.00,43.90%,0.00%
30/03/2025,351,Sarah,Sheffield,Shipping,Sunrise Solutions,C004,Referral,P006,Monitor Stand,£40.00,1,£40.00,3%,£38.80,20%,£7.76,£46.56,£24.00,£24.00,£7.00,£7.00,20%,£1.40,£14.80,38.10%,£7.80,20.10%,18.00%
30/04/2025,764,Daniel,Newcastle,Paid,Mercury Industries,C023,SEO,P006,Monitor Stand,£40.00,17,£680.00,5%,£646.00,20%,£129.20,£775.20,£24.00,£408.00,£7.00,£119.00,20%,£23.80,£238.00,36.80%,£119.00,18.40%,18.40%
30/04/2025,931,Lucas,Brighton,Pending,Infinity Innovations,C009,SEO,P005,Software License,£200.00,11,"£2,200.00",2%,"£2,156.00",20%,£431.20,"£2,587.20",£110.00,"£1,210.00", £-   , £-   ,0%, £-   ,£946.00,43.90%,£946.00,43.90%,0.00%
30/04/2025,948,Lisa,Newcastle,Paid,Nova Innovations,C018,SEO,P003,Network Switch,£130.00,18,"£2,340.00",8%,"£2,152.80",20%,£430.56,"£2,583.36",£72.00,"£1,296.00",£8.00,£144.00,20%,£28.80,£856.80,39.80%,£712.80,33.10%,6.70%
30/06/2025,251,Alexandra,Sheffield,Paid,Cosmos Creations,C020,SEO,P004,Data Storage Device,£70.00,9,£630.00,5%,£598.50,20%,£119.70,£718.20,£30.00,£270.00,£8.00,£72.00,20%,£14.40,£328.50,54.90%,£256.50,42.90%,12.00%
30/06/2025,397,Alexandra,Leeds,Pending,Galactic Enterprises,C003,Referral,P009,Ergonomic Chair,£190.00,8,"£1,520.00",10%,"£1,368.00",20%,£273.60,"£1,641.60",£115.00,£920.00,£45.00,£360.00,20%,£72.00,£448.00,32.70%,£88.00,6.40%,26.30%
30/06/2025,699,Alexandra,Nottingham,Shipping,Lunar Labs,C012,Referral,P006,Monitor Stand,£40.00,5,£200.00,7%,£186.00,20%,£37.20,£223.20,£24.00,£120.00,£7.00,£35.00,20%,£7.00,£66.00,35.50%,£31.00,16.70%,18.80%
30/06/2025,902,Sarah,Manchester,Shipping,Infinity Innovations,C009,Content Outreach,P003,Network Switch,£130.00,12,"£1,560.00",5%,"£1,482.00",20%,£296.40,"£1,778.40",£72.00,£864.00,£8.00,£96.00,20%,£19.20,£618.00,41.70%,£522.00,35.20%,6.50%
30/06/2025,910,Mark,Nottingham,Shipping,Comet Corporation,C016,Website,P004,Data Storage Device,£70.00,20,"£1,400.00",2%,"£1,372.00",20%,£274.40,"£1,646.40",£30.00,£600.00,£8.00,£160.00,20%,£32.00,£772.00,56.30%,£612.00,44.60%,11.70%
30/07/2025,168,Dave,London,Shipping,Orion Enterprises,C015,Referral,P010,Standing Desk,£530.00,12,"£6,360.00",3%,"£6,169.20",20%,"£1,233.84","£7,403.04",£360.00,"£4,320.00",£60.00,£720.00,20%,£144.00,"£1,849.20",30.00%,"£1,129.20",18.30%,11.70%
30/07/2025,551,Lucas,Liverpool,Shipping,Acme Corporation,C001,SEO,P009,Ergonomic Chair,£190.00,12,"£2,280.00",2%,"£2,234.40",20%,£446.88,"£2,681.28",£115.00,"£1,380.00",£45.00,£540.00,20%,£108.00,£854.40,38.20%,£314.40,14.10%,24.10%
30/08/2025,765,Lisa,Manchester,Pending,Nova Innovations,C018,SEO,P005,Software License,£200.00,16,"£3,200.00",5%,"£3,040.00",20%,£608.00,"£3,648.00",£110.00,"£1,760.00", £-   , £-   ,0%, £-   ,"£1,280.00",42.10%,"£1,280.00",42.10%,0.00%
30/08/2025,887,Alexandra,Sheffield,Paid,Cosmos Creations,C020,SEO,P006,Monitor Stand,£40.00,11,£440.00,6%,£413.60,20%,£82.72,£496.32,£24.00,£264.00,£7.00,£77.00,20%,£15.40,£149.60,36.20%,£72.60,17.60%,18.60%
30/09/2025,270,Mark,Birmingham,Shipping,Mars Enterprises,C025,Website,P009,Ergonomic Chair,£190.00,20,"£3,800.00",4%,"£3,648.00",20%,£729.60,"£4,377.60",£115.00,"£2,300.00",£45.00,£900.00,20%,£180.00,"£1,348.00",37.00%,£448.00,12.30%,24.70%
30/09/2025,922,Alexandra,Manchester,Shipping,Solar Solutions,C011,SEO,P005,Software License,£200.00,14,"£2,800.00",9%,"£2,548.00",20%,£509.60,"£3,057.60",£110.00,"£1,540.00", £-   , £-   ,0%, £-   ,"£1,008.00",39.60%,"£1,008.00",39.60%,0.00%
30/09/2025,992,Jack,Manchester,Paid,Stellar Systems,C006,Social Media Outreach,P006,Monitor Stand,£40.00,14,£560.00,7%,£520.80,20%,£104.16,£624.96,£24.00,£336.00,£7.00,£98.00,20%,£19.60,£184.80,35.50%,£86.80,16.70%,18.80%
30/10/2025,276,Lucas,Nottingham,Shipping,Solar Solutions,C011,Referral,P006,Monitor Stand,£40.00,6,£240.00,5%,£228.00,20%,£45.60,£273.60,£24.00,£144.00,£7.00,£42.00,20%,£8.40,£84.00,36.80%,£42.00,18.40%,18.40%
30/10/2025,412,Sarah,Newcastle,Paid,Supernova Solutions,C014,SEO,P010,Standing Desk,£530.00,9,"£4,770.00",3%,"£4,626.90",20%,£925.38,"£5,552.28",£360.00,"£3,240.00",£60.00,£540.00,20%,£108.00,"£1,386.90",30.00%,£846.90,18.30%,11.70%
30/10/2025,571,Jack,Manchester,Paid,Mars Enterprises,C025,SEO,P006,Monitor Stand,£40.00,20,£800.00,3%,£776.00,20%,£155.20,£931.20,£24.00,£480.00,£7.00,£140.00,20%,£28.00,£296.00,38.10%,£156.00,20.10%,18.00%
30/11/2025,169,Mark,Manchester,Shipping,Moonbeam Innovations,C005,Referral,P001,Laptop,£220.00,10,"£2,200.00",5%,"£2,090.00",20%,£418.00,"£2,508.00",£140.00,"£1,400.00",£15.00,£150.00,20%,£30.00,£690.00,33.00%,£540.00,25.80%,7.20%
30/11/2025,979,Sarah,Leeds,Paid,Comet Corporation,C016,SEO,P006,Monitor Stand,£40.00,17,£680.00,8%,£625.60,20%,£125.12,£750.72,£24.00,£408.00,£7.00,£119.00,20%,£23.80,£217.60,34.80%,£98.60,15.80%,19.00%
30/12/2025,321,Lisa,Leeds,Paid,Infinity Innovations,C009,Referral,P006,Monitor Stand,£40.00,5,£200.00,2%,£196.00,20%,£39.20,£235.20,£24.00,£120.00,£7.00,£35.00,20%,£7.00,£76.00,38.80%,£41.00,20.90%,17.90%
30/12/2025,626,Daniel,Newcastle,Paid,Nebula Technologies,C007,Content Outreach,P003,Network Switch,£130.00,3,£390.00,8%,£358.80,20%,£71.76,£430.56,£72.00,£216.00,£8.00,£24.00,20%,£4.80,£142.80,39.80%,£118.80,33.10%,6.70%
30/12/2025,653,Dave,Sheffield,Shipping,Mars Enterprises,C025,Referral,P009,Ergonomic Chair,£190.00,14,"£2,660.00",3%,"£2,580.20",20%,£516.04,"£3,096.24",£115.00,"£1,610.00",£45.00,£630.00,20%,£126.00,£970.20,37.60%,£340.20,13.20%,24.40%
30/12/2025,889,Mark,London,Paid,AstroTech,C017,SEO,P008,Cable Management Tray,£20.00,19,£380.00,5%,£361.00,20%,£72.20,£433.20,£12.00,£228.00,£6.00,£114.00,20%,£22.80,£133.00,36.80%,£19.00,5.30%,31.50%
31/01/2025,45,Dave,Nottingham,Paid,Cosmos Creations,C020,Social Media Outreach,P003,Network Switch,£130.00,7,£910.00,5%,£864.50,20%,£172.90,"£1,037.40",£72.00,£504.00,£8.00,£56.00,20%,£11.20,£360.50,41.70%,£304.50,35.20%,6.50%
31/01/2025,354,Mark,Sheffield,Pending,Lunar Labs,C012,Website,P003,Network Switch,£130.00,15,"£1,950.00",3%,"£1,891.50",20%,£378.30,"£2,269.80",£72.00,"£1,080.00",£8.00,£120.00,20%,£24.00,£811.50,42.90%,£691.50,36.60%,6.30%
31/01/2025,828,Dave,Leeds,Pending,Solar Solutions,C011,SEO,P006,Monitor Stand,£40.00,7,£280.00,4%,£268.80,20%,£53.76,£322.56,£24.00,£168.00,£7.00,£49.00,20%,£9.80,£100.80,37.50%,£51.80,19.30%,18.20%
31/05/2025,66,Alexandra,Nottingham,Paid,Moonbeam Innovations,C005,SEO,P005,Software License,£200.00,5,"£1,000.00",10%,£900.00,20%,£180.00,"£1,080.00",£110.00,£550.00, £-   , £-   ,0%, £-   ,£350.00,38.90%,£350.00,38.90%,0.00%
31/05/2025,261,Alexandra,Manchester,Paid,Celestial Industries,C013,Referral,P006,Monitor Stand,£40.00,10,£400.00,3%,£388.00,20%,£77.60,£465.60,£24.00,£240.00,£7.00,£70.00,20%,£14.00,£148.00,38.10%,£78.00,20.10%,18.00%
31/05/2025,546,Lucas,London,Paid,Stellar Systems,C006,SEO,P010,Standing Desk,£530.00,10,"£5,300.00",6%,"£4,982.00",20%,£996.40,"£5,978.40",£360.00,"£3,600.00",£60.00,£600.00,20%,£120.00,"£1,382.00",27.70%,£782.00,15.70%,12.00%
31/05/2025,709,Lucas,Liverpool,Pending,Aurora Enterprises,C010,Events Outreach,P005,Software License,£200.00,3,£600.00,3%,£582.00,20%,£116.40,£698.40,£110.00,£330.00, £-   , £-   ,0%, £-   ,£252.00,43.30%,£252.00,43.30%,0.00%
31/05/2025,866,Sarah,Birmingham,Pending,Mars Enterprises,C025,Content Outreach,P006,Monitor Stand,£40.00,12,£480.00,6%,£451.20,20%,£90.24,£541.44,£24.00,£288.00,£7.00,£84.00,20%,£16.80,£163.20,36.20%,£79.20,17.60%,18.60%
31/05/2025,981,Alexandra,Birmingham,Paid,Moonbeam Innovations,C005,Website,P006,Monitor Stand,£40.00,9,£360.00,5%,£342.00,20%,£68.40,£410.40,£24.00,£216.00,£7.00,£63.00,20%,£12.60,£126.00,36.80%,£63.00,18.40%,18.40%
31/07/2025,159,Alexandra,Manchester,Shipping,Stellar Systems,C006,Content Outreach,P006,Monitor Stand,£40.00,10,£400.00,10%,£360.00,20%,£72.00,£432.00,£24.00,£240.00,£7.00,£70.00,20%,£14.00,£120.00,33.30%,£50.00,13.90%,19.40%
31/07/2025,727,Alexandra,Sheffield,Pending,Venus Ventures,C024,SEO,P008,Cable Management Tray,£20.00,12,£240.00,5%,£228.00,20%,£45.60,£273.60,£12.00,£144.00,£6.00,£72.00,20%,£14.40,£84.00,36.80%,£12.00,5.30%,31.50%
31/08/2025,335,Lisa,Sheffield,Shipping,Stellar Systems,C006,Content Outreach,P003,Network Switch,£130.00,7,£910.00,10%,£819.00,20%,£163.80,£982.80,£72.00,£504.00,£8.00,£56.00,20%,£11.20,£315.00,38.50%,£259.00,31.60%,6.90%
31/08/2025,419,Alexandra,Leeds,Pending,Saturn Solutions,C022,Content Outreach,P006,Monitor Stand,£40.00,17,£680.00,8%,£625.60,20%,£125.12,£750.72,£24.00,£408.00,£7.00,£119.00,20%,£23.80,£217.60,34.80%,£98.60,15.80%,19.00%
31/08/2025,845,Alexandra,Birmingham,Paid,Lunar Labs,C012,SEO,P010,Standing Desk,£530.00,11,"£5,830.00",5%,"£5,538.50",20%,"£1,107.70","£6,646.20",£360.00,"£3,960.00",£60.00,£660.00,20%,£132.00,"£1,578.50",28.50%,£918.50,16.60%,11.90%
31/08/2025,949,Lucas,Leeds,Paid,Mars Enterprises,C025,Content Outreach,P004,Data Storage Device,£70.00,16,"£1,120.00",6%,"£1,052.80",20%,£210.56,"£1,263.36",£30.00,£480.00,£8.00,£128.00,20%,£25.60,£572.80,54.40%,£444.80,42.20%,12.20%
31/10/2025,167,Alexandra,Manchester,Shipping,Nebula Technologies,C007,SEO,P007,Keyboard Tray,£25.00,14,£350.00,1%,£346.50,20%,£69.30,£415.80,£14.00,£196.00,£7.00,£98.00,20%,£19.60,£150.50,43.40%,£52.50,15.20%,28.20%
31/12/2025,26,Jack,Nottingham,Paid,Moonbeam Innovations,C005,Referral,P001,Laptop,£220.00,8,"£1,760.00",4%,"£1,689.60",20%,£337.92,"£2,027.52",£140.00,"£1,120.00",£15.00,£120.00,20%,£24.00,£569.60,33.70%,£449.60,26.60%,7.10%
31/12/2025,447,Daniel,London,Pending,Venus Ventures,C024,Referral,P006,Monitor Stand,£40.00,11,£440.00,3%,£426.80,20%,£85.36,£512.16,£24.00,£264.00,£7.00,£77.00,20%,£15.40,£162.80,38.10%,£85.80,20.10%,18.00%
31/12/2025,463,Sarah,Liverpool,Paid,Planetary Partners,C021,Referral,P003,Network Switch,£130.00,17,"£2,210.00",6%,"£2,077.40",20%,£415.48,"£2,492.88",£72.00,"£1,224.00",£8.00,£136.00,20%,£27.20,£853.40,41.10%,£717.40,34.50%,6.60%
31/12/2025,790,Dave,London,Pending,Aurora Enterprises,C010,Referral,P010,Standing Desk,£530.00,11,"£5,830.00",7%,"£5,421.90",20%,"£1,084.38","£6,506.28",£360.00,"£3,960.00",£60.00,£660.00,20%,£132.00,"£1,461.90",27.00%,£801.90,14.80%,12.20%
